time,event_id,source_event_id,element_name,element_type,event_type,item,reason
1970-01-01 00:00:00 UTC,_000000,INIT_000000,Source,DiscreteSource,ProcessStart,"""Item_0000""",
1970-01-01 00:00:00 UTC,_000000,INIT_000000,Process1,DiscreteProcess,ProcessNonStart,,Upstream is empty
1970-01-01 00:00:00 UTC,_000000,INIT_000000,Process2,DiscreteProcess,ProcessNonStart,,Upstream is empty
1970-01-01 00:00:00 UTC,_000000,INIT_000000,Sink,DiscreteSink,ProcessNonStart,,Upstream is empty
1970-01-01 00:00:03 UTC,_000001,_000000,Source,DiscreteSource,ProcessFinish,"""Item_0000""",
1970-01-01 00:00:03 UTC,_000002,_000001,Source,DiscreteSource,ProcessStart,"""Item_0001""",
1970-01-01 00:00:03.000000001 UTC,_000001,_000001,Process1,DiscreteProcess,WithdrawRequest,,
1970-01-01 00:00:03.000000001 UTC,_000002,_000001,Process1,DiscreteProcess,ProcessStart,"""Item_0000""",
1970-01-01 00:00:06 UTC,_000003,_000002,Source,DiscreteSource,ProcessFinish,"""Item_0001""",
1970-01-01 00:00:06 UTC,_000004,_000003,Source,DiscreteSource,ProcessStart,"""Item_0002""",
1970-01-01 00:00:08.486605256 UTC,_000003,_000002,Process1,DiscreteProcess,ProcessFinish,"""Item_0000""",
1970-01-01 00:00:08.486605256 UTC,_000004,_000003,Process1,DiscreteProcess,WithdrawRequest,,
1970-01-01 00:00:08.486605256 UTC,_000005,_000004,Process1,DiscreteProcess,ProcessStart,"""Item_0001""",
1970-01-01 00:00:08.486605257 UTC,_000001,_000001,Process2,DiscreteProcess,WithdrawRequest,,
1970-01-01 00:00:08.486605257 UTC,_000002,_000001,Process2,DiscreteProcess,ProcessStart,"""Item_0000""",
1970-01-01 00:00:09 UTC,_000005,_000004,Source,DiscreteSource,ProcessFinish,"""Item_0002""",
1970-01-01 00:00:09 UTC,_000006,_000005,Source,DiscreteSource,ProcessStart,"""Item_0003""",
1970-01-01 00:00:12 UTC,_000007,_000006,Source,DiscreteSource,ProcessFinish,"""Item_0003""",
1970-01-01 00:00:12 UTC,_000008,_000007,Source,DiscreteSource,ProcessStart,"""Item_0004""",
1970-01-01 00:00:13.931975003 UTC,_000006,_000005,Process1,DiscreteProcess,ProcessFinish,"""Item_0001""",
1970-01-01 00:00:13.931975003 UTC,_000007,_000006,Process1,DiscreteProcess,WithdrawRequest,,
1970-01-01 00:00:13.931975003 UTC,_000008,_000007,Process1,DiscreteProcess,ProcessStart,"""Item_0002""",
1970-01-01 00:00:15 UTC,_000009,_000008,Source,DiscreteSource,ProcessFinish,"""Item_0004""",
1970-01-01 00:00:15 UTC,_000010,_000009,Source,DiscreteSource,ProcessStart,"""Item_0005""",
1970-01-01 00:00:15.274331597 UTC,_000003,_000002,Process2,DiscreteProcess,ProcessFinish,"""Item_0000""",
1970-01-01 00:00:15.274331597 UTC,_000004,_000003,Process2,DiscreteProcess,WithdrawRequest,,
1970-01-01 00:00:15.274331597 UTC,_000005,_000004,Process2,DiscreteProcess,ProcessStart,"""Item_0001""",
1970-01-01 00:00:15.274331598 UTC,_000001,_000001,Sink,DiscreteSink,WithdrawRequest,,
1970-01-01 00:00:15.274331598 UTC,_000002,_000001,Sink,DiscreteSink,ProcessStart,"""Item_0000""",
1970-01-01 00:00:16.274331598 UTC,_000003,_000002,Sink,DiscreteSink,ProcessFinish,"""Item_0000""",
1970-01-01 00:00:16.274331598 UTC,_000004,_000003,Sink,DiscreteSink,ProcessNonStart,,Upstream is empty
1970-01-01 00:00:17.592179849 UTC,_000006,_000005,Process2,DiscreteProcess,ProcessFinish,"""Item_0001""",
1970-01-01 00:00:17.592179849 UTC,_000007,_000006,Process2,DiscreteProcess,ProcessNonStart,,Upstream is empty
1970-01-01 00:00:17.592179850 UTC,_000005,_000005,Sink,DiscreteSink,WithdrawRequest,,
1970-01-01 00:00:17.592179850 UTC,_000006,_000005,Sink,DiscreteSink,ProcessStart,"""Item_0001""",
1970-01-01 00:00:17.592179850 UTC,_000008,_000005,Process2,DiscreteProcess,ProcessNonStart,,Upstream is empty
1970-01-01 00:00:17.592179851 UTC,_000009,_000007,Process2,DiscreteProcess,ProcessNonStart,,Upstream is empty
1970-01-01 00:00:18 UTC,_000011,_000010,Source,DiscreteSource,ProcessFinish,"""Item_0005""",
1970-01-01 00:00:18 UTC,_000012,_000011,Source,DiscreteSource,ProcessStart,"""Item_0006""",
1970-01-01 00:00:18.592179850 UTC,_000007,_000006,Sink,DiscreteSink,ProcessFinish,"""Item_0001""",
1970-01-01 00:00:18.592179850 UTC,_000008,_000007,Sink,DiscreteSink,ProcessNonStart,,Upstream is empty
1970-01-01 00:00:21 UTC,_000013,_000012,Source,DiscreteSource,ProcessFinish,"""Item_0006""",
1970-01-01 00:00:21 UTC,_000014,_000013,Source,DiscreteSource,ProcessStart,"""Item_0007""",
1970-01-01 00:00:23.080910402 UTC,_000009,_000008,Process1,DiscreteProcess,ProcessFinish,"""Item_0002""",
1970-01-01 00:00:23.080910402 UTC,_000010,_000009,Process1,DiscreteProcess,WithdrawRequest,,
1970-01-01 00:00:23.080910402 UTC,_000011,_000010,Process1,DiscreteProcess,ProcessStart,"""Item_0003""",
1970-01-01 00:00:23.080910403 UTC,_000010,_000009,Process2,DiscreteProcess,WithdrawRequest,,
1970-01-01 00:00:23.080910403 UTC,_000011,_000010,Process2,DiscreteProcess,ProcessStart,"""Item_0002""",
1970-01-01 00:00:24 UTC,_000015,_000014,Source,DiscreteSource,ProcessFinish,"""Item_0007""",
1970-01-01 00:00:24 UTC,_000016,_000015,Source,DiscreteSource,ProcessStart,"""Item_0008""",
1970-01-01 00:00:26.941561569 UTC,_000012,_000011,Process2,DiscreteProcess,ProcessFinish,"""Item_0002""",
1970-01-01 00:00:26.941561569 UTC,_000013,_000012,Process2,DiscreteProcess,ProcessNonStart,,Upstream is empty
1970-01-01 00:00:26.941561570 UTC,_000009,_000009,Sink,DiscreteSink,WithdrawRequest,,
1970-01-01 00:00:26.941561570 UTC,_000014,_000009,Process2,DiscreteProcess,ProcessNonStart,,Upstream is empty
1970-01-01 00:00:26.941561570 UTC,_000010,_000009,Sink,DiscreteSink,ProcessStart,"""Item_0002""",
1970-01-01 00:00:26.941561571 UTC,_000015,_000011,Process2,DiscreteProcess,ProcessNonStart,,Upstream is empty
1970-01-01 00:00:27 UTC,_000017,_000016,Source,DiscreteSource,ProcessFinish,"""Item_0008""",
1970-01-01 00:00:27 UTC,_000018,_000017,Source,DiscreteSource,ProcessStart,"""Item_0009""",
1970-01-01 00:00:27.941561570 UTC,_000011,_000010,Sink,DiscreteSink,ProcessFinish,"""Item_0002""",
1970-01-01 00:00:27.941561570 UTC,_000012,_000011,Sink,DiscreteSink,ProcessNonStart,,Upstream is empty
1970-01-01 00:00:28.641340780 UTC,_000012,_000011,Process1,DiscreteProcess,ProcessFinish,"""Item_0003""",
1970-01-01 00:00:28.641340780 UTC,_000013,_000012,Process1,DiscreteProcess,WithdrawRequest,,
1970-01-01 00:00:28.641340780 UTC,_000014,_000013,Process1,DiscreteProcess,ProcessStart,"""Item_0004""",
1970-01-01 00:00:28.641340781 UTC,_000016,_000013,Process2,DiscreteProcess,WithdrawRequest,,
1970-01-01 00:00:28.641340781 UTC,_000017,_000016,Process2,DiscreteProcess,ProcessStart,"""Item_0003""",
1970-01-01 00:00:30 UTC,_000019,_000018,Source,DiscreteSource,ProcessFinish,"""Item_0009""",
1970-01-01 00:00:30 UTC,_000020,_000019,Source,DiscreteSource,ProcessStart,"""Item_0010""",
1970-01-01 00:00:33 UTC,_000021,_000020,Source,DiscreteSource,ProcessFinish,"""Item_0010""",
1970-01-01 00:00:33 UTC,_000022,_000021,Source,DiscreteSource,ProcessStart,"""Item_0011""",
1970-01-01 00:00:33.572050121 UTC,_000018,_000017,Process2,DiscreteProcess,ProcessFinish,"""Item_0003""",
1970-01-01 00:00:33.572050121 UTC,_000019,_000018,Process2,DiscreteProcess,ProcessNonStart,,Upstream is empty
1970-01-01 00:00:33.572050122 UTC,_000013,_000013,Sink,DiscreteSink,WithdrawRequest,,
1970-01-01 00:00:33.572050122 UTC,_000020,_000013,Process2,DiscreteProcess,ProcessNonStart,,Upstream is empty
1970-01-01 00:00:33.572050122 UTC,_000014,_000013,Sink,DiscreteSink,ProcessStart,"""Item_0003""",
1970-01-01 00:00:33.572050123 UTC,_000021,_000015,Process2,DiscreteProcess,ProcessNonStart,,Upstream is empty
1970-01-01 00:00:34.572050122 UTC,_000015,_000014,Sink,DiscreteSink,ProcessFinish,"""Item_0003""",
1970-01-01 00:00:34.572050122 UTC,_000016,_000015,Sink,DiscreteSink,ProcessNonStart,,Upstream is empty
1970-01-01 00:00:36 UTC,_000023,_000022,Source,DiscreteSource,ProcessFinish,"""Item_0011""",
1970-01-01 00:00:36 UTC,_000024,_000023,Source,DiscreteSource,ProcessStart,"""Item_0012""",
1970-01-01 00:00:36.716462810 UTC,_000015,_000014,Process1,DiscreteProcess,ProcessFinish,"""Item_0004""",
1970-01-01 00:00:36.716462810 UTC,_000016,_000015,Process1,DiscreteProcess,WithdrawRequest,,
1970-01-01 00:00:36.716462810 UTC,_000017,_000016,Process1,DiscreteProcess,ProcessStart,"""Item_0005""",
1970-01-01 00:00:36.716462811 UTC,_000022,_000017,Process2,DiscreteProcess,WithdrawRequest,,
1970-01-01 00:00:36.716462811 UTC,_000023,_000022,Process2,DiscreteProcess,ProcessStart,"""Item_0004""",
1970-01-01 00:00:39 UTC,_000025,_000024,Source,DiscreteSource,ProcessFinish,"""Item_0012""",
1970-01-01 00:00:39 UTC,_000026,_000025,Source,DiscreteSource,ProcessStart,"""Item_0013""",
1970-01-01 00:00:42 UTC,_000027,_000026,Source,DiscreteSource,ProcessFinish,"""Item_0013""",
1970-01-01 00:00:42 UTC,_000028,_000027,Source,DiscreteSource,ProcessStart,"""Item_0014""",
1970-01-01 00:00:42.344275633 UTC,_000024,_000023,Process2,DiscreteProcess,ProcessFinish,"""Item_0004""",
1970-01-01 00:00:42.344275633 UTC,_000025,_000024,Process2,DiscreteProcess,ProcessNonStart,,Upstream is empty
1970-01-01 00:00:42.344275634 UTC,_000017,_000017,Sink,DiscreteSink,WithdrawRequest,,
1970-01-01 00:00:42.344275634 UTC,_000018,_000017,Sink,DiscreteSink,ProcessStart,"""Item_0004""",
1970-01-01 00:00:42.344275634 UTC,_000026,_000017,Process2,DiscreteProcess,ProcessNonStart,,Upstream is empty
1970-01-01 00:00:42.344275635 UTC,_000027,_000019,Process2,DiscreteProcess,ProcessNonStart,,Upstream is empty
1970-01-01 00:00:43.344275634 UTC,_000019,_000018,Sink,DiscreteSink,ProcessFinish,"""Item_0004""",
1970-01-01 00:00:43.344275634 UTC,_000020,_000019,Sink,DiscreteSink,ProcessNonStart,,Upstream is empty
1970-01-01 00:00:45 UTC,_000029,_000028,Source,DiscreteSource,ProcessFinish,"""Item_0014""",
1970-01-01 00:00:45 UTC,_000030,_000029,Source,DiscreteSource,ProcessStart,"""Item_0015""",
1970-01-01 00:00:45.283352182 UTC,_000018,_000017,Process1,DiscreteProcess,ProcessFinish,"""Item_0005""",
1970-01-01 00:00:45.283352182 UTC,_000019,_000018,Process1,DiscreteProcess,WithdrawRequest,,
1970-01-01 00:00:45.283352182 UTC,_000020,_000019,Process1,DiscreteProcess,ProcessStart,"""Item_0006""",
1970-01-01 00:00:45.283352183 UTC,_000028,_000021,Process2,DiscreteProcess,WithdrawRequest,,
1970-01-01 00:00:45.283352183 UTC,_000029,_000028,Process2,DiscreteProcess,ProcessStart,"""Item_0005""",
1970-01-01 00:00:48 UTC,_000031,_000030,Source,DiscreteSource,ProcessFinish,"""Item_0015""",
1970-01-01 00:00:48 UTC,_000032,_000031,Source,DiscreteSource,ProcessStart,"""Item_0016""",
1970-01-01 00:00:51 UTC,_000033,_000032,Source,DiscreteSource,ProcessFinish,"""Item_0016""",
1970-01-01 00:00:51 UTC,_000034,_000033,Source,DiscreteSource,ProcessNonStart,,Downstream is full
1970-01-01 00:00:51.000000001 UTC,_000035,_000029,Source,DiscreteSource,ProcessNonStart,,Downstream is full
1970-01-01 00:00:51.432808096 UTC,_000021,_000020,Process1,DiscreteProcess,ProcessFinish,"""Item_0006""",
1970-01-01 00:00:51.432808096 UTC,_000022,_000021,Process1,DiscreteProcess,WithdrawRequest,,
1970-01-01 00:00:51.432808096 UTC,_000023,_000022,Process1,DiscreteProcess,ProcessStart,"""Item_0007""",
1970-01-01 00:00:51.432808097 UTC,_000036,_000031,Source,DiscreteSource,ProcessStart,"""Item_0017""",
1970-01-01 00:00:54.059392957 UTC,_000030,_000029,Process2,DiscreteProcess,ProcessFinish,"""Item_0005""",
1970-01-01 00:00:54.059392957 UTC,_000031,_000030,Process2,DiscreteProcess,WithdrawRequest,,
1970-01-01 00:00:54.059392957 UTC,_000032,_000031,Process2,DiscreteProcess,ProcessStart,"""Item_0006""",
1970-01-01 00:00:54.059392958 UTC,_000021,_000021,Sink,DiscreteSink,WithdrawRequest,,
1970-01-01 00:00:54.059392958 UTC,_000022,_000021,Sink,DiscreteSink,ProcessStart,"""Item_0005""",
1970-01-01 00:00:54.432808097 UTC,_000037,_000036,Source,DiscreteSource,ProcessFinish,"""Item_0017""",
1970-01-01 00:00:54.432808097 UTC,_000038,_000037,Source,DiscreteSource,ProcessNonStart,,Downstream is full
1970-01-01 00:00:54.432808098 UTC,_000039,_000033,Source,DiscreteSource,ProcessNonStart,,Downstream is full
1970-01-01 00:00:55.059392958 UTC,_000023,_000022,Sink,DiscreteSink,ProcessFinish,"""Item_0005""",
1970-01-01 00:00:55.059392958 UTC,_000024,_000023,Sink,DiscreteSink,ProcessNonStart,,Upstream is empty
1970-01-01 00:00:56.964555940 UTC,_000024,_000023,Process1,DiscreteProcess,ProcessFinish,"""Item_0007""",
1970-01-01 00:00:56.964555940 UTC,_000025,_000024,Process1,DiscreteProcess,WithdrawRequest,,
1970-01-01 00:00:56.964555940 UTC,_000026,_000025,Process1,DiscreteProcess,ProcessStart,"""Item_0008""",
1970-01-01 00:00:56.964555941 UTC,_000040,_000035,Source,DiscreteSource,ProcessStart,"""Item_0018""",
1970-01-01 00:00:57.295458118 UTC,_000033,_000032,Process2,DiscreteProcess,ProcessFinish,"""Item_0006""",
1970-01-01 00:00:57.295458118 UTC,_000034,_000033,Process2,DiscreteProcess,WithdrawRequest,,
1970-01-01 00:00:57.295458118 UTC,_000035,_000034,Process2,DiscreteProcess,ProcessStart,"""Item_0007""",
1970-01-01 00:00:57.295458119 UTC,_000025,_000025,Sink,DiscreteSink,WithdrawRequest,,
1970-01-01 00:00:57.295458119 UTC,_000026,_000025,Sink,DiscreteSink,ProcessStart,"""Item_0006""",
1970-01-01 00:00:58.295458119 UTC,_000027,_000026,Sink,DiscreteSink,ProcessFinish,"""Item_0006""",
1970-01-01 00:00:58.295458119 UTC,_000028,_000027,Sink,DiscreteSink,ProcessNonStart,,Upstream is empty
1970-01-01 00:00:59.964555941 UTC,_000041,_000040,Source,DiscreteSource,ProcessFinish,"""Item_0018""",
1970-01-01 00:00:59.964555941 UTC,_000042,_000041,Source,DiscreteSource,ProcessNonStart,,Downstream is full
1970-01-01 00:00:59.964555942 UTC,_000043,_000037,Source,DiscreteSource,ProcessNonStart,,Downstream is full
1970-01-01 00:01:02.181366051 UTC,_000027,_000026,Process1,DiscreteProcess,ProcessFinish,"""Item_0008""",
1970-01-01 00:01:02.181366051 UTC,_000028,_000027,Process1,DiscreteProcess,WithdrawRequest,,
1970-01-01 00:01:02.181366051 UTC,_000029,_000028,Process1,DiscreteProcess,ProcessStart,"""Item_0009""",
1970-01-01 00:01:02.181366052 UTC,_000044,_000039,Source,DiscreteSource,ProcessStart,"""Item_0019""",
1970-01-01 00:01:02.596815673 UTC,_000036,_000035,Process2,DiscreteProcess,ProcessFinish,"""Item_0007""",
1970-01-01 00:01:02.596815673 UTC,_000037,_000036,Process2,DiscreteProcess,WithdrawRequest,,
1970-01-01 00:01:02.596815673 UTC,_000038,_000037,Process2,DiscreteProcess,ProcessStart,"""Item_0008""",
1970-01-01 00:01:02.596815674 UTC,_000029,_000029,Sink,DiscreteSink,WithdrawRequest,,
1970-01-01 00:01:02.596815674 UTC,_000030,_000029,Sink,DiscreteSink,ProcessStart,"""Item_0007""",
1970-01-01 00:01:03.596815674 UTC,_000031,_000030,Sink,DiscreteSink,ProcessFinish,"""Item_0007""",
1970-01-01 00:01:03.596815674 UTC,_000032,_000031,Sink,DiscreteSink,ProcessNonStart,,Upstream is empty
1970-01-01 00:01:05.181366052 UTC,_000045,_000044,Source,DiscreteSource,ProcessFinish,"""Item_0019""",
1970-01-01 00:01:05.181366052 UTC,_000046,_000045,Source,DiscreteSource,ProcessNonStart,,Downstream is full
1970-01-01 00:01:05.181366053 UTC,_000047,_000041,Source,DiscreteSource,ProcessNonStart,,Downstream is full
1970-01-01 00:01:07.226248409 UTC,_000039,_000038,Process2,DiscreteProcess,ProcessFinish,"""Item_0008""",
1970-01-01 00:01:07.226248409 UTC,_000040,_000039,Process2,DiscreteProcess,ProcessNonStart,,Upstream is empty
1970-01-01 00:01:07.226248410 UTC,_000033,_000033,Sink,DiscreteSink,WithdrawRequest,,
1970-01-01 00:01:07.226248410 UTC,_000034,_000033,Sink,DiscreteSink,ProcessStart,"""Item_0008""",
1970-01-01 00:01:07.226248410 UTC,_000041,_000033,Process2,DiscreteProcess,ProcessNonStart,,Upstream is empty
1970-01-01 00:01:07.226248411 UTC,_000042,_000035,Process2,DiscreteProcess,ProcessNonStart,,Upstream is empty
1970-01-01 00:01:08.226248410 UTC,_000035,_000034,Sink,DiscreteSink,ProcessFinish,"""Item_0008""",
1970-01-01 00:01:08.226248410 UTC,_000036,_000035,Sink,DiscreteSink,ProcessNonStart,,Upstream is empty
1970-01-01 00:01:09.627669518 UTC,_000030,_000029,Process1,DiscreteProcess,ProcessFinish,"""Item_0009""",
1970-01-01 00:01:09.627669518 UTC,_000031,_000030,Process1,DiscreteProcess,WithdrawRequest,,
1970-01-01 00:01:09.627669518 UTC,_000032,_000031,Process1,DiscreteProcess,ProcessStart,"""Item_0010""",
1970-01-01 00:01:09.627669519 UTC,_000043,_000037,Process2,DiscreteProcess,WithdrawRequest,,
1970-01-01 00:01:09.627669519 UTC,_000048,_000043,Source,DiscreteSource,ProcessStart,"""Item_0020""",
1970-01-01 00:01:09.627669519 UTC,_000044,_000043,Process2,DiscreteProcess,ProcessStart,"""Item_0009""",
1970-01-01 00:01:12.627669519 UTC,_000049,_000048,Source,DiscreteSource,ProcessFinish,"""Item_0020""",
1970-01-01 00:01:12.627669519 UTC,_000050,_000049,Source,DiscreteSource,ProcessNonStart,,Downstream is full
1970-01-01 00:01:12.627669520 UTC,_000051,_000045,Source,DiscreteSource,ProcessNonStart,,Downstream is full
1970-01-01 00:01:13.920211394 UTC,_000033,_000032,Process1,DiscreteProcess,ProcessFinish,"""Item_0010""",
1970-01-01 00:01:13.920211394 UTC,_000034,_000033,Process1,DiscreteProcess,WithdrawRequest,,
1970-01-01 00:01:13.920211394 UTC,_000035,_000034,Process1,DiscreteProcess,ProcessStart,"""Item_0011""",
1970-01-01 00:01:13.920211395 UTC,_000052,_000047,Source,DiscreteSource,ProcessStart,"""Item_0021""",
1970-01-01 00:01:16.421456665 UTC,_000045,_000044,Process2,DiscreteProcess,ProcessFinish,"""Item_0009""",
1970-01-01 00:01:16.421456665 UTC,_000046,_000045,Process2,DiscreteProcess,WithdrawRequest,,
1970-01-01 00:01:16.421456665 UTC,_000047,_000046,Process2,DiscreteProcess,ProcessStart,"""Item_0010""",
1970-01-01 00:01:16.421456666 UTC,_000037,_000037,Sink,DiscreteSink,WithdrawRequest,,
1970-01-01 00:01:16.421456666 UTC,_000038,_000037,Sink,DiscreteSink,ProcessStart,"""Item_0009""",
1970-01-01 00:01:16.920211395 UTC,_000053,_000052,Source,DiscreteSource,ProcessFinish,"""Item_0021""",
1970-01-01 00:01:16.920211395 UTC,_000054,_000053,Source,DiscreteSource,ProcessNonStart,,Downstream is full
1970-01-01 00:01:16.920211396 UTC,_000055,_000049,Source,DiscreteSource,ProcessNonStart,,Downstream is full
1970-01-01 00:01:17.421456666 UTC,_000039,_000038,Sink,DiscreteSink,ProcessFinish,"""Item_0009""",
1970-01-01 00:01:17.421456666 UTC,_000040,_000039,Sink,DiscreteSink,ProcessNonStart,,Upstream is empty
1970-01-01 00:01:22.535013509 UTC,_000048,_000047,Process2,DiscreteProcess,ProcessFinish,"""Item_0010""",
1970-01-01 00:01:22.535013509 UTC,_000049,_000048,Process2,DiscreteProcess,ProcessNonStart,,Upstream is empty
1970-01-01 00:01:22.535013510 UTC,_000041,_000041,Sink,DiscreteSink,WithdrawRequest,,
1970-01-01 00:01:22.535013510 UTC,_000050,_000041,Process2,DiscreteProcess,ProcessNonStart,,Upstream is empty
1970-01-01 00:01:22.535013510 UTC,_000042,_000041,Sink,DiscreteSink,ProcessStart,"""Item_0010""",
1970-01-01 00:01:22.535013511 UTC,_000051,_000043,Process2,DiscreteProcess,ProcessNonStart,,Upstream is empty
1970-01-01 00:01:22.998120728 UTC,_000036,_000035,Process1,DiscreteProcess,ProcessFinish,"""Item_0011""",
1970-01-01 00:01:22.998120728 UTC,_000037,_000036,Process1,DiscreteProcess,WithdrawRequest,,
1970-01-01 00:01:22.998120728 UTC,_000038,_000037,Process1,DiscreteProcess,ProcessStart,"""Item_0012""",
1970-01-01 00:01:22.998120729 UTC,_000056,_000051,Source,DiscreteSource,ProcessStart,"""Item_0022""",
1970-01-01 00:01:22.998120729 UTC,_000052,_000045,Process2,DiscreteProcess,WithdrawRequest,,
1970-01-01 00:01:22.998120729 UTC,_000053,_000052,Process2,DiscreteProcess,ProcessStart,"""Item_0011""",
1970-01-01 00:01:23.535013510 UTC,_000043,_000042,Sink,DiscreteSink,ProcessFinish,"""Item_0010""",
1970-01-01 00:01:23.535013510 UTC,_000044,_000043,Sink,DiscreteSink,ProcessNonStart,,Upstream is empty
1970-01-01 00:01:25.998120729 UTC,_000057,_000056,Source,DiscreteSource,ProcessFinish,"""Item_0022""",
1970-01-01 00:01:25.998120729 UTC,_000058,_000057,Source,DiscreteSource,ProcessNonStart,,Downstream is full
1970-01-01 00:01:25.998120730 UTC,_000059,_000053,Source,DiscreteSource,ProcessNonStart,,Downstream is full
1970-01-01 00:01:29.420775945 UTC,_000039,_000038,Process1,DiscreteProcess,ProcessFinish,"""Item_0012""",
1970-01-01 00:01:29.420775945 UTC,_000040,_000039,Process1,DiscreteProcess,WithdrawRequest,,
1970-01-01 00:01:29.420775945 UTC,_000041,_000040,Process1,DiscreteProcess,ProcessStart,"""Item_0013""",
1970-01-01 00:01:29.420775946 UTC,_000060,_000055,Source,DiscreteSource,ProcessStart,"""Item_0023""",
1970-01-01 00:01:30.974657193 UTC,_000054,_000053,Process2,DiscreteProcess,ProcessFinish,"""Item_0011""",
1970-01-01 00:01:30.974657193 UTC,_000055,_000054,Process2,DiscreteProcess,WithdrawRequest,,
1970-01-01 00:01:30.974657193 UTC,_000056,_000055,Process2,DiscreteProcess,ProcessStart,"""Item_0012""",
1970-01-01 00:01:30.974657194 UTC,_000045,_000045,Sink,DiscreteSink,WithdrawRequest,,
1970-01-01 00:01:30.974657194 UTC,_000046,_000045,Sink,DiscreteSink,ProcessStart,"""Item_0011""",
1970-01-01 00:01:31.974657194 UTC,_000047,_000046,Sink,DiscreteSink,ProcessFinish,"""Item_0011""",
1970-01-01 00:01:31.974657194 UTC,_000048,_000047,Sink,DiscreteSink,ProcessNonStart,,Upstream is empty
1970-01-01 00:01:31.988388949 UTC,_000042,_000041,Process1,DiscreteProcess,ProcessFinish,"""Item_0013""",
1970-01-01 00:01:31.988388949 UTC,_000043,_000042,Process1,DiscreteProcess,WithdrawRequest,,
1970-01-01 00:01:31.988388949 UTC,_000044,_000043,Process1,DiscreteProcess,ProcessStart,"""Item_0014""",
1970-01-01 00:01:32.420775946 UTC,_000061,_000060,Source,DiscreteSource,ProcessFinish,"""Item_0023""",
1970-01-01 00:01:32.420775946 UTC,_000062,_000061,Source,DiscreteSource,ProcessStart,"""Item_0024""",
1970-01-01 00:01:35.420775946 UTC,_000063,_000062,Source,DiscreteSource,ProcessFinish,"""Item_0024""",
1970-01-01 00:01:35.420775946 UTC,_000064,_000063,Source,DiscreteSource,ProcessNonStart,,Downstream is full
1970-01-01 00:01:35.420775947 UTC,_000065,_000059,Source,DiscreteSource,ProcessNonStart,,Downstream is full
1970-01-01 00:01:37.105421727 UTC,_000057,_000056,Process2,DiscreteProcess,ProcessFinish,"""Item_0012""",
1970-01-01 00:01:37.105421727 UTC,_000058,_000057,Process2,DiscreteProcess,WithdrawRequest,,
1970-01-01 00:01:37.105421727 UTC,_000059,_000058,Process2,DiscreteProcess,ProcessStart,"""Item_0013""",
1970-01-01 00:01:37.105421728 UTC,_000049,_000049,Sink,DiscreteSink,WithdrawRequest,,
1970-01-01 00:01:37.105421728 UTC,_000050,_000049,Sink,DiscreteSink,ProcessStart,"""Item_0012""",
1970-01-01 00:01:38.105421728 UTC,_000051,_000050,Sink,DiscreteSink,ProcessFinish,"""Item_0012""",
1970-01-01 00:01:38.105421728 UTC,_000052,_000051,Sink,DiscreteSink,ProcessNonStart,,Upstream is empty
1970-01-01 00:01:40.308091 UTC,_000045,_000044,Process1,DiscreteProcess,ProcessFinish,"""Item_0014""",
1970-01-01 00:01:40.308091 UTC,_000046,_000045,Process1,DiscreteProcess,WithdrawRequest,,
1970-01-01 00:01:40.308091 UTC,_000047,_000046,Process1,DiscreteProcess,ProcessStart,"""Item_0015""",
1970-01-01 00:01:40.308091001 UTC,_000066,_000061,Source,DiscreteSource,ProcessStart,"""Item_0025""",
1970-01-01 00:01:42.740925027 UTC,_000060,_000059,Process2,DiscreteProcess,ProcessFinish,"""Item_0013""",
1970-01-01 00:01:42.740925027 UTC,_000061,_000060,Process2,DiscreteProcess,WithdrawRequest,,
1970-01-01 00:01:42.740925027 UTC,_000062,_000061,Process2,DiscreteProcess,ProcessStart,"""Item_0014""",
1970-01-01 00:01:42.740925028 UTC,_000053,_000053,Sink,DiscreteSink,WithdrawRequest,,
1970-01-01 00:01:42.740925028 UTC,_000054,_000053,Sink,DiscreteSink,ProcessStart,"""Item_0013""",
1970-01-01 00:01:43.308091001 UTC,_000067,_000066,Source,DiscreteSource,ProcessFinish,"""Item_0025""",
1970-01-01 00:01:43.308091001 UTC,_000068,_000067,Source,DiscreteSource,ProcessNonStart,,Downstream is full
1970-01-01 00:01:43.308091002 UTC,_000069,_000063,Source,DiscreteSource,ProcessNonStart,,Downstream is full
1970-01-01 00:01:43.740925028 UTC,_000055,_000054,Sink,DiscreteSink,ProcessFinish,"""Item_0013""",
1970-01-01 00:01:43.740925028 UTC,_000056,_000055,Sink,DiscreteSink,ProcessNonStart,,Upstream is empty
1970-01-01 00:01:44.490831665 UTC,_000048,_000047,Process1,DiscreteProcess,ProcessFinish,"""Item_0015""",
1970-01-01 00:01:44.490831665 UTC,_000049,_000048,Process1,DiscreteProcess,WithdrawRequest,,
1970-01-01 00:01:44.490831665 UTC,_000050,_000049,Process1,DiscreteProcess,ProcessStart,"""Item_0016""",
1970-01-01 00:01:44.490831666 UTC,_000070,_000065,Source,DiscreteSource,ProcessStart,"""Item_0026""",
1970-01-01 00:01:47.490831666 UTC,_000071,_000070,Source,DiscreteSource,ProcessFinish,"""Item_0026""",
1970-01-01 00:01:47.490831666 UTC,_000072,_000071,Source,DiscreteSource,ProcessNonStart,,Downstream is full
1970-01-01 00:01:47.490831667 UTC,_000073,_000067,Source,DiscreteSource,ProcessNonStart,,Downstream is full
1970-01-01 00:01:48.722596326 UTC,_000051,_000050,Process1,DiscreteProcess,ProcessFinish,"""Item_0016""",
1970-01-01 00:01:48.722596326 UTC,_000052,_000051,Process1,DiscreteProcess,WithdrawRequest,,
1970-01-01 00:01:48.722596326 UTC,_000053,_000052,Process1,DiscreteProcess,ProcessStart,"""Item_0017""",
1970-01-01 00:01:48.722596327 UTC,_000074,_000069,Source,DiscreteSource,ProcessStart,"""Item_0027""",
1970-01-01 00:01:48.879082517 UTC,_000063,_000062,Process2,DiscreteProcess,ProcessFinish,"""Item_0014""",
1970-01-01 00:01:48.879082517 UTC,_000064,_000063,Process2,DiscreteProcess,WithdrawRequest,,
1970-01-01 00:01:48.879082517 UTC,_000065,_000064,Process2,DiscreteProcess,ProcessStart,"""Item_0015""",
1970-01-01 00:01:48.879082518 UTC,_000057,_000057,Sink,DiscreteSink,WithdrawRequest,,
1970-01-01 00:01:48.879082518 UTC,_000058,_000057,Sink,DiscreteSink,ProcessStart,"""Item_0014""",
1970-01-01 00:01:49.879082518 UTC,_000059,_000058,Sink,DiscreteSink,ProcessFinish,"""Item_0014""",
1970-01-01 00:01:49.879082518 UTC,_000060,_000059,Sink,DiscreteSink,ProcessNonStart,,Upstream is empty
1970-01-01 00:01:51.722596327 UTC,_000075,_000074,Source,DiscreteSource,ProcessFinish,"""Item_0027""",
1970-01-01 00:01:51.722596327 UTC,_000076,_000075,Source,DiscreteSource,ProcessNonStart,,Downstream is full
1970-01-01 00:01:51.722596328 UTC,_000077,_000071,Source,DiscreteSource,ProcessNonStart,,Downstream is full
1970-01-01 00:01:52.747038459 UTC,_000066,_000065,Process2,DiscreteProcess,ProcessFinish,"""Item_0015""",
1970-01-01 00:01:52.747038459 UTC,_000067,_000066,Process2,DiscreteProcess,WithdrawRequest,,
1970-01-01 00:01:52.747038459 UTC,_000068,_000067,Process2,DiscreteProcess,ProcessStart,"""Item_0016""",
1970-01-01 00:01:52.747038460 UTC,_000061,_000061,Sink,DiscreteSink,WithdrawRequest,,
1970-01-01 00:01:52.747038460 UTC,_000062,_000061,Sink,DiscreteSink,ProcessStart,"""Item_0015""",
1970-01-01 00:01:53.378255865 UTC,_000054,_000053,Process1,DiscreteProcess,ProcessFinish,"""Item_0017""",
1970-01-01 00:01:53.378255865 UTC,_000055,_000054,Process1,DiscreteProcess,WithdrawRequest,,
1970-01-01 00:01:53.378255865 UTC,_000056,_000055,Process1,DiscreteProcess,ProcessStart,"""Item_0018""",
1970-01-01 00:01:53.378255866 UTC,_000078,_000073,Source,DiscreteSource,ProcessStart,"""Item_0028""",
1970-01-01 00:01:53.747038460 UTC,_000063,_000062,Sink,DiscreteSink,ProcessFinish,"""Item_0015""",
1970-01-01 00:01:53.747038460 UTC,_000064,_000063,Sink,DiscreteSink,ProcessNonStart,,Upstream is empty
1970-01-01 00:01:56.378255866 UTC,_000079,_000078,Source,DiscreteSource,ProcessFinish,"""Item_0028""",
1970-01-01 00:01:56.378255866 UTC,_000080,_000079,Source,DiscreteSource,ProcessNonStart,,Downstream is full
1970-01-01 00:01:56.378255867 UTC,_000081,_000075,Source,DiscreteSource,ProcessNonStart,,Downstream is full
1970-01-01 00:01:56.578180556 UTC,_000069,_000068,Process2,DiscreteProcess,ProcessFinish,"""Item_0016""",
1970-01-01 00:01:56.578180556 UTC,_000070,_000069,Process2,DiscreteProcess,WithdrawRequest,,
1970-01-01 00:01:56.578180556 UTC,_000071,_000070,Process2,DiscreteProcess,ProcessStart,"""Item_0017""",
1970-01-01 00:01:56.578180557 UTC,_000065,_000065,Sink,DiscreteSink,WithdrawRequest,,
1970-01-01 00:01:56.578180557 UTC,_000066,_000065,Sink,DiscreteSink,ProcessStart,"""Item_0016""",
1970-01-01 00:01:57.578180557 UTC,_000067,_000066,Sink,DiscreteSink,ProcessFinish,"""Item_0016""",
1970-01-01 00:01:57.578180557 UTC,_000068,_000067,Sink,DiscreteSink,ProcessNonStart,,Upstream is empty
1970-01-01 00:02:00.614594920 UTC,_000057,_000056,Process1,DiscreteProcess,ProcessFinish,"""Item_0018""",
1970-01-01 00:02:00.614594920 UTC,_000058,_000057,Process1,DiscreteProcess,WithdrawRequest,,
1970-01-01 00:02:00.614594920 UTC,_000059,_000058,Process1,DiscreteProcess,ProcessStart,"""Item_0019""",
1970-01-01 00:02:00.614594921 UTC,_000082,_000077,Source,DiscreteSource,ProcessStart,"""Item_0029""",
1970-01-01 00:02:03.614594921 UTC,_000083,_000082,Source,DiscreteSource,ProcessFinish,"""Item_0029""",
1970-01-01 00:02:03.614594921 UTC,_000084,_000083,Source,DiscreteSource,ProcessNonStart,,Downstream is full
1970-01-01 00:02:03.614594922 UTC,_000085,_000079,Source,DiscreteSource,ProcessNonStart,,Downstream is full
1970-01-01 00:02:03.772107395 UTC,_000072,_000071,Process2,DiscreteProcess,ProcessFinish,"""Item_0017""",
1970-01-01 00:02:03.772107395 UTC,_000073,_000072,Process2,DiscreteProcess,WithdrawRequest,,
1970-01-01 00:02:03.772107395 UTC,_000074,_000073,Process2,DiscreteProcess,ProcessStart,"""Item_0018""",
1970-01-01 00:02:03.772107396 UTC,_000069,_000069,Sink,DiscreteSink,WithdrawRequest,,
1970-01-01 00:02:03.772107396 UTC,_000070,_000069,Sink,DiscreteSink,ProcessStart,"""Item_0017""",
1970-01-01 00:02:04.772107396 UTC,_000071,_000070,Sink,DiscreteSink,ProcessFinish,"""Item_0017""",
1970-01-01 00:02:04.772107396 UTC,_000072,_000071,Sink,DiscreteSink,ProcessNonStart,,Upstream is empty
1970-01-01 00:02:07.464121050 UTC,_000060,_000059,Process1,DiscreteProcess,ProcessFinish,"""Item_0019""",
1970-01-01 00:02:07.464121050 UTC,_000061,_000060,Process1,DiscreteProcess,WithdrawRequest,,
1970-01-01 00:02:07.464121050 UTC,_000062,_000061,Process1,DiscreteProcess,ProcessStart,"""Item_0020""",
1970-01-01 00:02:07.464121051 UTC,_000086,_000081,Source,DiscreteSource,ProcessStart,"""Item_0030""",
1970-01-01 00:02:10.107135654 UTC,_000075,_000074,Process2,DiscreteProcess,ProcessFinish,"""Item_0018""",
1970-01-01 00:02:10.107135654 UTC,_000076,_000075,Process2,DiscreteProcess,WithdrawRequest,,
1970-01-01 00:02:10.107135654 UTC,_000077,_000076,Process2,DiscreteProcess,ProcessStart,"""Item_0019""",
1970-01-01 00:02:10.107135655 UTC,_000073,_000073,Sink,DiscreteSink,WithdrawRequest,,
1970-01-01 00:02:10.107135655 UTC,_000074,_000073,Sink,DiscreteSink,ProcessStart,"""Item_0018""",
1970-01-01 00:02:10.464121051 UTC,_000087,_000086,Source,DiscreteSource,ProcessFinish,"""Item_0030""",
1970-01-01 00:02:10.464121051 UTC,_000088,_000087,Source,DiscreteSource,ProcessNonStart,,Downstream is full
1970-01-01 00:02:10.464121052 UTC,_000089,_000083,Source,DiscreteSource,ProcessNonStart,,Downstream is full
1970-01-01 00:02:11.107135655 UTC,_000075,_000074,Sink,DiscreteSink,ProcessFinish,"""Item_0018""",
1970-01-01 00:02:11.107135655 UTC,_000076,_000075,Sink,DiscreteSink,ProcessNonStart,,Upstream is empty
1970-01-01 00:02:13.585611380 UTC,_000063,_000062,Process1,DiscreteProcess,ProcessFinish,"""Item_0020""",
1970-01-01 00:02:13.585611380 UTC,_000064,_000063,Process1,DiscreteProcess,WithdrawRequest,,
1970-01-01 00:02:13.585611380 UTC,_000065,_000064,Process1,DiscreteProcess,ProcessStart,"""Item_0021""",
1970-01-01 00:02:13.585611381 UTC,_000090,_000085,Source,DiscreteSource,ProcessStart,"""Item_0031""",
1970-01-01 00:02:15.830104573 UTC,_000078,_000077,Process2,DiscreteProcess,ProcessFinish,"""Item_0019""",
1970-01-01 00:02:15.830104573 UTC,_000079,_000078,Process2,DiscreteProcess,WithdrawRequest,,
1970-01-01 00:02:15.830104573 UTC,_000080,_000079,Process2,DiscreteProcess,ProcessStart,"""Item_0020""",
1970-01-01 00:02:15.830104574 UTC,_000077,_000077,Sink,DiscreteSink,WithdrawRequest,,
1970-01-01 00:02:15.830104574 UTC,_000078,_000077,Sink,DiscreteSink,ProcessStart,"""Item_0019""",
1970-01-01 00:02:16.585611381 UTC,_000091,_000090,Source,DiscreteSource,ProcessFinish,"""Item_0031""",
1970-01-01 00:02:16.585611381 UTC,_000092,_000091,Source,DiscreteSource,ProcessNonStart,,Downstream is full
1970-01-01 00:02:16.585611382 UTC,_000093,_000087,Source,DiscreteSource,ProcessNonStart,,Downstream is full
1970-01-01 00:02:16.830104574 UTC,_000079,_000078,Sink,DiscreteSink,ProcessFinish,"""Item_0019""",
1970-01-01 00:02:16.830104574 UTC,_000080,_000079,Sink,DiscreteSink,ProcessNonStart,,Upstream is empty
1970-01-01 00:02:17.481941037 UTC,_000066,_000065,Process1,DiscreteProcess,ProcessFinish,"""Item_0021""",
1970-01-01 00:02:17.481941037 UTC,_000067,_000066,Process1,DiscreteProcess,WithdrawRequest,,
1970-01-01 00:02:17.481941037 UTC,_000068,_000067,Process1,DiscreteProcess,ProcessStart,"""Item_0022""",
1970-01-01 00:02:17.481941038 UTC,_000094,_000089,Source,DiscreteSource,ProcessStart,"""Item_0032""",
1970-01-01 00:02:20.056540482 UTC,_000081,_000080,Process2,DiscreteProcess,ProcessFinish,"""Item_0020""",
1970-01-01 00:02:20.056540482 UTC,_000082,_000081,Process2,DiscreteProcess,WithdrawRequest,,
1970-01-01 00:02:20.056540482 UTC,_000083,_000082,Process2,DiscreteProcess,ProcessStart,"""Item_0021""",
1970-01-01 00:02:20.056540483 UTC,_000081,_000081,Sink,DiscreteSink,WithdrawRequest,,
1970-01-01 00:02:20.056540483 UTC,_000082,_000081,Sink,DiscreteSink,ProcessStart,"""Item_0020""",
1970-01-01 00:02:20.481941038 UTC,_000095,_000094,Source,DiscreteSource,ProcessFinish,"""Item_0032""",
1970-01-01 00:02:20.481941038 UTC,_000096,_000095,Source,DiscreteSource,ProcessNonStart,,Downstream is full
1970-01-01 00:02:20.481941039 UTC,_000097,_000091,Source,DiscreteSource,ProcessNonStart,,Downstream is full
1970-01-01 00:02:21.056540483 UTC,_000083,_000082,Sink,DiscreteSink,ProcessFinish,"""Item_0020""",
1970-01-01 00:02:21.056540483 UTC,_000084,_000083,Sink,DiscreteSink,ProcessNonStart,,Upstream is empty
1970-01-01 00:02:21.862277075 UTC,_000069,_000068,Process1,DiscreteProcess,ProcessFinish,"""Item_0022""",
1970-01-01 00:02:21.862277075 UTC,_000070,_000069,Process1,DiscreteProcess,WithdrawRequest,,
1970-01-01 00:02:21.862277075 UTC,_000071,_000070,Process1,DiscreteProcess,ProcessStart,"""Item_0023""",
1970-01-01 00:02:21.862277076 UTC,_000098,_000093,Source,DiscreteSource,ProcessStart,"""Item_0033""",
1970-01-01 00:02:24.862277076 UTC,_000099,_000098,Source,DiscreteSource,ProcessFinish,"""Item_0033""",
1970-01-01 00:02:24.862277076 UTC,_000100,_000099,Source,DiscreteSource,ProcessNonStart,,Downstream is full
1970-01-01 00:02:24.862277077 UTC,_000101,_000095,Source,DiscreteSource,ProcessNonStart,,Downstream is full
1970-01-01 00:02:27.481010130 UTC,_000084,_000083,Process2,DiscreteProcess,ProcessFinish,"""Item_0021""",
1970-01-01 00:02:27.481010130 UTC,_000085,_000084,Process2,DiscreteProcess,WithdrawRequest,,
1970-01-01 00:02:27.481010130 UTC,_000086,_000085,Process2,DiscreteProcess,ProcessStart,"""Item_0022""",
1970-01-01 00:02:27.481010131 UTC,_000085,_000085,Sink,DiscreteSink,WithdrawRequest,,
1970-01-01 00:02:27.481010131 UTC,_000086,_000085,Sink,DiscreteSink,ProcessStart,"""Item_0021""",
1970-01-01 00:02:28.481010131 UTC,_000087,_000086,Sink,DiscreteSink,ProcessFinish,"""Item_0021""",
1970-01-01 00:02:28.481010131 UTC,_000088,_000087,Sink,DiscreteSink,ProcessNonStart,,Upstream is empty
1970-01-01 00:02:29.654372196 UTC,_000072,_000071,Process1,DiscreteProcess,ProcessFinish,"""Item_0023""",
1970-01-01 00:02:29.654372196 UTC,_000073,_000072,Process1,DiscreteProcess,WithdrawRequest,,
1970-01-01 00:02:29.654372196 UTC,_000074,_000073,Process1,DiscreteProcess,ProcessStart,"""Item_0024""",
1970-01-01 00:02:29.654372197 UTC,_000102,_000097,Source,DiscreteSource,ProcessStart,"""Item_0034""",
1970-01-01 00:02:32.654372197 UTC,_000103,_000102,Source,DiscreteSource,ProcessFinish,"""Item_0034""",
1970-01-01 00:02:32.654372197 UTC,_000104,_000103,Source,DiscreteSource,ProcessNonStart,,Downstream is full
1970-01-01 00:02:32.654372198 UTC,_000105,_000099,Source,DiscreteSource,ProcessNonStart,,Downstream is full
1970-01-01 00:02:34.180778875 UTC,_000087,_000086,Process2,DiscreteProcess,ProcessFinish,"""Item_0022""",
1970-01-01 00:02:34.180778875 UTC,_000088,_000087,Process2,DiscreteProcess,WithdrawRequest,,
1970-01-01 00:02:34.180778875 UTC,_000089,_000088,Process2,DiscreteProcess,ProcessStart,"""Item_0023""",
1970-01-01 00:02:34.180778876 UTC,_000089,_000089,Sink,DiscreteSink,WithdrawRequest,,
1970-01-01 00:02:34.180778876 UTC,_000090,_000089,Sink,DiscreteSink,ProcessStart,"""Item_0022""",
1970-01-01 00:02:34.845451426 UTC,_000075,_000074,Process1,DiscreteProcess,ProcessFinish,"""Item_0024""",
1970-01-01 00:02:34.845451426 UTC,_000076,_000075,Process1,DiscreteProcess,WithdrawRequest,,
1970-01-01 00:02:34.845451426 UTC,_000077,_000076,Process1,DiscreteProcess,ProcessStart,"""Item_0025""",
1970-01-01 00:02:34.845451427 UTC,_000106,_000101,Source,DiscreteSource,ProcessStart,"""Item_0035""",
1970-01-01 00:02:35.180778876 UTC,_000091,_000090,Sink,DiscreteSink,ProcessFinish,"""Item_0022""",
1970-01-01 00:02:35.180778876 UTC,_000092,_000091,Sink,DiscreteSink,ProcessNonStart,,Upstream is empty
1970-01-01 00:02:37.845451427 UTC,_000107,_000106,Source,DiscreteSource,ProcessFinish,"""Item_0035""",
1970-01-01 00:02:37.845451427 UTC,_000108,_000107,Source,DiscreteSource,ProcessNonStart,,Downstream is full
1970-01-01 00:02:37.845451428 UTC,_000109,_000103,Source,DiscreteSource,ProcessNonStart,,Downstream is full
1970-01-01 00:02:37.909230133 UTC,_000090,_000089,Process2,DiscreteProcess,ProcessFinish,"""Item_0023""",
1970-01-01 00:02:37.909230133 UTC,_000091,_000090,Process2,DiscreteProcess,WithdrawRequest,,
1970-01-01 00:02:37.909230133 UTC,_000092,_000091,Process2,DiscreteProcess,ProcessStart,"""Item_0024""",
1970-01-01 00:02:37.909230134 UTC,_000093,_000093,Sink,DiscreteSink,WithdrawRequest,,
1970-01-01 00:02:37.909230134 UTC,_000094,_000093,Sink,DiscreteSink,ProcessStart,"""Item_0023""",
1970-01-01 00:02:38.909230134 UTC,_000095,_000094,Sink,DiscreteSink,ProcessFinish,"""Item_0023""",
1970-01-01 00:02:38.909230134 UTC,_000096,_000095,Sink,DiscreteSink,ProcessNonStart,,Upstream is empty
1970-01-01 00:02:42.715824147 UTC,_000093,_000092,Process2,DiscreteProcess,ProcessFinish,"""Item_0024""",
1970-01-01 00:02:42.715824147 UTC,_000094,_000093,Process2,DiscreteProcess,ProcessNonStart,,Upstream is empty
1970-01-01 00:02:42.715824148 UTC,_000097,_000097,Sink,DiscreteSink,WithdrawRequest,,
1970-01-01 00:02:42.715824148 UTC,_000095,_000097,Process2,DiscreteProcess,ProcessNonStart,,Upstream is empty
1970-01-01 00:02:42.715824148 UTC,_000098,_000097,Sink,DiscreteSink,ProcessStart,"""Item_0024""",
1970-01-01 00:02:42.715824149 UTC,_000096,_000099,Process2,DiscreteProcess,ProcessNonStart,,Upstream is empty
1970-01-01 00:02:42.953371726 UTC,_000078,_000077,Process1,DiscreteProcess,ProcessFinish,"""Item_0025""",
1970-01-01 00:02:42.953371726 UTC,_000079,_000078,Process1,DiscreteProcess,WithdrawRequest,,
1970-01-01 00:02:42.953371726 UTC,_000080,_000079,Process1,DiscreteProcess,ProcessStart,"""Item_0026""",
1970-01-01 00:02:42.953371727 UTC,_000110,_000105,Source,DiscreteSource,ProcessStart,"""Item_0036""",
1970-01-01 00:02:42.953371727 UTC,_000097,_000099,Process2,DiscreteProcess,WithdrawRequest,,
1970-01-01 00:02:42.953371727 UTC,_000098,_000097,Process2,DiscreteProcess,ProcessStart,"""Item_0025""",
1970-01-01 00:02:43.715824148 UTC,_000099,_000098,Sink,DiscreteSink,ProcessFinish,"""Item_0024""",
1970-01-01 00:02:43.715824148 UTC,_000100,_000099,Sink,DiscreteSink,ProcessNonStart,,Upstream is empty
1970-01-01 00:02:45.953371727 UTC,_000111,_000110,Source,DiscreteSource,ProcessFinish,"""Item_0036""",
1970-01-01 00:02:45.953371727 UTC,_000112,_000111,Source,DiscreteSource,ProcessNonStart,,Downstream is full
1970-01-01 00:02:45.953371728 UTC,_000113,_000107,Source,DiscreteSource,ProcessNonStart,,Downstream is full
1970-01-01 00:02:49.620030034 UTC,_000099,_000098,Process2,DiscreteProcess,ProcessFinish,"""Item_0025""",
1970-01-01 00:02:49.620030034 UTC,_000100,_000099,Process2,DiscreteProcess,ProcessNonStart,,Upstream is empty
1970-01-01 00:02:49.620030035 UTC,_000101,_000101,Sink,DiscreteSink,WithdrawRequest,,
1970-01-01 00:02:49.620030035 UTC,_000101,_000101,Process2,DiscreteProcess,ProcessNonStart,,Upstream is empty
1970-01-01 00:02:49.620030035 UTC,_000102,_000101,Sink,DiscreteSink,ProcessStart,"""Item_0025""",
1970-01-01 00:02:49.620030036 UTC,_000102,_000103,Process2,DiscreteProcess,ProcessNonStart,,Upstream is empty
1970-01-01 00:02:50.620030035 UTC,_000103,_000102,Sink,DiscreteSink,ProcessFinish,"""Item_0025""",
1970-01-01 00:02:50.620030035 UTC,_000104,_000103,Sink,DiscreteSink,ProcessNonStart,,Upstream is empty
1970-01-01 00:02:51.935452478 UTC,_000081,_000080,Process1,DiscreteProcess,ProcessFinish,"""Item_0026""",
1970-01-01 00:02:51.935452478 UTC,_000082,_000081,Process1,DiscreteProcess,WithdrawRequest,,
1970-01-01 00:02:51.935452478 UTC,_000083,_000082,Process1,DiscreteProcess,ProcessStart,"""Item_0027""",
1970-01-01 00:02:51.935452479 UTC,_000114,_000109,Source,DiscreteSource,ProcessStart,"""Item_0037""",
1970-01-01 00:02:51.935452479 UTC,_000103,_000103,Process2,DiscreteProcess,WithdrawRequest,,
1970-01-01 00:02:51.935452479 UTC,_000104,_000103,Process2,DiscreteProcess,ProcessStart,"""Item_0026""",
1970-01-01 00:02:54.195258342 UTC,_000084,_000083,Process1,DiscreteProcess,ProcessFinish,"""Item_0027""",
1970-01-01 00:02:54.195258342 UTC,_000085,_000084,Process1,DiscreteProcess,WithdrawRequest,,
1970-01-01 00:02:54.195258342 UTC,_000086,_000085,Process1,DiscreteProcess,ProcessStart,"""Item_0028""",
1970-01-01 00:02:54.935452479 UTC,_000115,_000114,Source,DiscreteSource,ProcessFinish,"""Item_0037""",
1970-01-01 00:02:54.935452479 UTC,_000116,_000115,Source,DiscreteSource,ProcessStart,"""Item_0038""",
1970-01-01 00:02:57.935452479 UTC,_000117,_000116,Source,DiscreteSource,ProcessFinish,"""Item_0038""",
1970-01-01 00:02:57.935452479 UTC,_000118,_000117,Source,DiscreteSource,ProcessNonStart,,Downstream is full
1970-01-01 00:02:57.935452480 UTC,_000119,_000113,Source,DiscreteSource,ProcessNonStart,,Downstream is full
1970-01-01 00:03:00.403446357 UTC,_000105,_000104,Process2,DiscreteProcess,ProcessFinish,"""Item_0026""",
1970-01-01 00:03:00.403446357 UTC,_000106,_000105,Process2,DiscreteProcess,WithdrawRequest,,
1970-01-01 00:03:00.403446357 UTC,_000107,_000106,Process2,DiscreteProcess,ProcessStart,"""Item_0027""",
1970-01-01 00:03:00.403446358 UTC,_000105,_000105,Sink,DiscreteSink,WithdrawRequest,,
1970-01-01 00:03:00.403446358 UTC,_000106,_000105,Sink,DiscreteSink,ProcessStart,"""Item_0026""",
1970-01-01 00:03:01.403446358 UTC,_000107,_000106,Sink,DiscreteSink,ProcessFinish,"""Item_0026""",
1970-01-01 00:03:01.403446358 UTC,_000108,_000107,Sink,DiscreteSink,ProcessNonStart,,Upstream is empty
1970-01-01 00:03:01.633769098 UTC,_000087,_000086,Process1,DiscreteProcess,ProcessFinish,"""Item_0028""",
1970-01-01 00:03:01.633769098 UTC,_000088,_000087,Process1,DiscreteProcess,WithdrawRequest,,
1970-01-01 00:03:01.633769098 UTC,_000089,_000088,Process1,DiscreteProcess,ProcessStart,"""Item_0029""",
1970-01-01 00:03:01.633769099 UTC,_000120,_000115,Source,DiscreteSource,ProcessStart,"""Item_0039""",
1970-01-01 00:03:03.482303744 UTC,_000108,_000107,Process2,DiscreteProcess,ProcessFinish,"""Item_0027""",
1970-01-01 00:03:03.482303744 UTC,_000109,_000108,Process2,DiscreteProcess,WithdrawRequest,,
1970-01-01 00:03:03.482303744 UTC,_000110,_000109,Process2,DiscreteProcess,ProcessStart,"""Item_0028""",
1970-01-01 00:03:03.482303745 UTC,_000109,_000109,Sink,DiscreteSink,WithdrawRequest,,
1970-01-01 00:03:03.482303745 UTC,_000110,_000109,Sink,DiscreteSink,ProcessStart,"""Item_0027""",
1970-01-01 00:03:04.482303745 UTC,_000111,_000110,Sink,DiscreteSink,ProcessFinish,"""Item_0027""",
1970-01-01 00:03:04.482303745 UTC,_000112,_000111,Sink,DiscreteSink,ProcessNonStart,,Upstream is empty
1970-01-01 00:03:04.633769099 UTC,_000121,_000120,Source,DiscreteSource,ProcessFinish,"""Item_0039""",
1970-01-01 00:03:04.633769099 UTC,_000122,_000121,Source,DiscreteSource,ProcessNonStart,,Downstream is full
1970-01-01 00:03:04.633769100 UTC,_000123,_000117,Source,DiscreteSource,ProcessNonStart,,Downstream is full
1970-01-01 00:03:07.060682346 UTC,_000090,_000089,Process1,DiscreteProcess,ProcessFinish,"""Item_0029""",
1970-01-01 00:03:07.060682346 UTC,_000091,_000090,Process1,DiscreteProcess,WithdrawRequest,,
1970-01-01 00:03:07.060682346 UTC,_000092,_000091,Process1,DiscreteProcess,ProcessStart,"""Item_0030""",
1970-01-01 00:03:07.060682347 UTC,_000124,_000119,Source,DiscreteSource,ProcessStart,"""Item_0040""",
1970-01-01 00:03:08.370895772 UTC,_000111,_000110,Process2,DiscreteProcess,ProcessFinish,"""Item_0028""",
1970-01-01 00:03:08.370895772 UTC,_000112,_000111,Process2,DiscreteProcess,WithdrawRequest,,
1970-01-01 00:03:08.370895772 UTC,_000113,_000112,Process2,DiscreteProcess,ProcessStart,"""Item_0029""",
1970-01-01 00:03:08.370895773 UTC,_000113,_000113,Sink,DiscreteSink,WithdrawRequest,,
1970-01-01 00:03:08.370895773 UTC,_000114,_000113,Sink,DiscreteSink,ProcessStart,"""Item_0028""",
1970-01-01 00:03:09.370895773 UTC,_000115,_000114,Sink,DiscreteSink,ProcessFinish,"""Item_0028""",
1970-01-01 00:03:09.370895773 UTC,_000116,_000115,Sink,DiscreteSink,ProcessNonStart,,Upstream is empty
1970-01-01 00:03:10.060682347 UTC,_000125,_000124,Source,DiscreteSource,ProcessFinish,"""Item_0040""",
1970-01-01 00:03:10.060682347 UTC,_000126,_000125,Source,DiscreteSource,ProcessNonStart,,Downstream is full
1970-01-01 00:03:10.060682348 UTC,_000127,_000121,Source,DiscreteSource,ProcessNonStart,,Downstream is full
1970-01-01 00:03:14.725877877 UTC,_000093,_000092,Process1,DiscreteProcess,ProcessFinish,"""Item_0030""",
1970-01-01 00:03:14.725877877 UTC,_000094,_000093,Process1,DiscreteProcess,WithdrawRequest,,
1970-01-01 00:03:14.725877877 UTC,_000095,_000094,Process1,DiscreteProcess,ProcessStart,"""Item_0031""",
1970-01-01 00:03:14.725877878 UTC,_000128,_000123,Source,DiscreteSource,ProcessStart,"""Item_0041""",
1970-01-01 00:03:16.526601510 UTC,_000096,_000095,Process1,DiscreteProcess,ProcessFinish,"""Item_0031""",
1970-01-01 00:03:16.526601510 UTC,_000097,_000096,Process1,DiscreteProcess,WithdrawRequest,,
1970-01-01 00:03:16.526601510 UTC,_000098,_000097,Process1,DiscreteProcess,ProcessStart,"""Item_0032""",
1970-01-01 00:03:17.725877878 UTC,_000129,_000128,Source,DiscreteSource,ProcessFinish,"""Item_0041""",
1970-01-01 00:03:17.725877878 UTC,_000130,_000129,Source,DiscreteSource,ProcessStart,"""Item_0042""",
1970-01-01 00:03:18.067674428 UTC,_000114,_000113,Process2,DiscreteProcess,ProcessFinish,"""Item_0029""",
1970-01-01 00:03:18.067674428 UTC,_000115,_000114,Process2,DiscreteProcess,WithdrawRequest,,
1970-01-01 00:03:18.067674428 UTC,_000116,_000115,Process2,DiscreteProcess,ProcessStart,"""Item_0030""",
1970-01-01 00:03:18.067674429 UTC,_000117,_000117,Sink,DiscreteSink,WithdrawRequest,,
1970-01-01 00:03:18.067674429 UTC,_000118,_000117,Sink,DiscreteSink,ProcessStart,"""Item_0029""",
1970-01-01 00:03:19.067674429 UTC,_000119,_000118,Sink,DiscreteSink,ProcessFinish,"""Item_0029""",
1970-01-01 00:03:19.067674429 UTC,_000120,_000119,Sink,DiscreteSink,ProcessNonStart,,Upstream is empty
