time,event_id,source_event_id,element_name,element_type,log_type,item,reason
1970-01-01 00:00:03 UTC,_000000,_000001,Queue1,DiscreteStock,Add,"""Item_0000""",
1970-01-01 00:00:03.000000001 UTC,_000001,_000000,Queue1,DiscreteStock,StateChange,"{""Normal"":{""occupied"":1,""empty"":9}}",
1970-01-01 00:00:03.000000001 UTC,_000002,_000001,Queue1,DiscreteStock,Remove,"""Item_0000""",
1970-01-01 00:00:03.000000002 UTC,_000003,_000002,Queue1,DiscreteStock,StateChange,"{""Empty"":{""occupied"":0,""empty"":10}}",
1970-01-01 00:00:06 UTC,_000004,_000003,Queue1,DiscreteStock,Add,"""Item_0001""",
1970-01-01 00:00:06.000000001 UTC,_000005,_000004,Queue1,DiscreteStock,StateChange,"{""Normal"":{""occupied"":1,""empty"":9}}",
1970-01-01 00:00:08.486605256 UTC,_000000,_000003,Queue2,DiscreteStock,Add,"""Item_0000""",
1970-01-01 00:00:08.486605256 UTC,_000006,_000004,Queue1,DiscreteStock,Remove,"""Item_0001""",
1970-01-01 00:00:08.486605257 UTC,_000007,_000006,Queue1,DiscreteStock,StateChange,"{""Empty"":{""occupied"":0,""empty"":10}}",
1970-01-01 00:00:08.486605257 UTC,_000001,_000000,Queue2,DiscreteStock,StateChange,"{""Normal"":{""occupied"":1,""empty"":9}}",
1970-01-01 00:00:08.486605257 UTC,_000002,_000001,Queue2,DiscreteStock,Remove,"""Item_0000""",
1970-01-01 00:00:08.486605258 UTC,_000003,_000002,Queue2,DiscreteStock,StateChange,"{""Empty"":{""occupied"":0,""empty"":10}}",
1970-01-01 00:00:09 UTC,_000008,_000005,Queue1,DiscreteStock,Add,"""Item_0002""",
1970-01-01 00:00:09.000000001 UTC,_000009,_000008,Queue1,DiscreteStock,StateChange,"{""Normal"":{""occupied"":1,""empty"":9}}",
1970-01-01 00:00:12 UTC,_000010,_000007,Queue1,DiscreteStock,Add,"""Item_0003""",
1970-01-01 00:00:13.931975003 UTC,_000004,_000006,Queue2,DiscreteStock,Add,"""Item_0001""",
1970-01-01 00:00:13.931975003 UTC,_000011,_000007,Queue1,DiscreteStock,Remove,"""Item_0002""",
1970-01-01 00:00:13.931975004 UTC,_000005,_000004,Queue2,DiscreteStock,StateChange,"{""Normal"":{""occupied"":1,""empty"":9}}",
1970-01-01 00:00:15 UTC,_000012,_000009,Queue1,DiscreteStock,Add,"""Item_0004""",
1970-01-01 00:00:15.274331597 UTC,_000000,_000003,Queue3,DiscreteStock,Add,"""Item_0000""",
1970-01-01 00:00:15.274331597 UTC,_000006,_000004,Queue2,DiscreteStock,Remove,"""Item_0001""",
1970-01-01 00:00:15.274331598 UTC,_000007,_000006,Queue2,DiscreteStock,StateChange,"{""Empty"":{""occupied"":0,""empty"":10}}",
1970-01-01 00:00:15.274331598 UTC,_000001,_000000,Queue3,DiscreteStock,StateChange,"{""Normal"":{""occupied"":1,""empty"":9}}",
1970-01-01 00:00:15.274331598 UTC,_000002,_000001,Queue3,DiscreteStock,Remove,"""Item_0000""",
1970-01-01 00:00:15.274331599 UTC,_000003,_000002,Queue3,DiscreteStock,StateChange,"{""Empty"":{""occupied"":0,""empty"":10}}",
1970-01-01 00:00:17.592179849 UTC,_000004,_000006,Queue3,DiscreteStock,Add,"""Item_0001""",
1970-01-01 00:00:17.592179850 UTC,_000005,_000004,Queue3,DiscreteStock,StateChange,"{""Normal"":{""occupied"":1,""empty"":9}}",
1970-01-01 00:00:17.592179850 UTC,_000006,_000005,Queue3,DiscreteStock,Remove,"""Item_0001""",
1970-01-01 00:00:17.592179851 UTC,_000007,_000006,Queue3,DiscreteStock,StateChange,"{""Empty"":{""occupied"":0,""empty"":10}}",
1970-01-01 00:00:18 UTC,_000013,_000011,Queue1,DiscreteStock,Add,"""Item_0005""",
1970-01-01 00:00:21 UTC,_000014,_000013,Queue1,DiscreteStock,Add,"""Item_0006""",
1970-01-01 00:00:23.080910402 UTC,_000008,_000009,Queue2,DiscreteStock,Add,"""Item_0002""",
1970-01-01 00:00:23.080910402 UTC,_000015,_000010,Queue1,DiscreteStock,Remove,"""Item_0003""",
1970-01-01 00:00:23.080910403 UTC,_000009,_000008,Queue2,DiscreteStock,StateChange,"{""Normal"":{""occupied"":1,""empty"":9}}",
1970-01-01 00:00:23.080910403 UTC,_000010,_000010,Queue2,DiscreteStock,Remove,"""Item_0002""",
1970-01-01 00:00:23.080910404 UTC,_000011,_000010,Queue2,DiscreteStock,StateChange,"{""Empty"":{""occupied"":0,""empty"":10}}",
1970-01-01 00:00:24 UTC,_000016,_000015,Queue1,DiscreteStock,Add,"""Item_0007""",
1970-01-01 00:00:26.941561569 UTC,_000008,_000012,Queue3,DiscreteStock,Add,"""Item_0002""",
1970-01-01 00:00:26.941561570 UTC,_000009,_000008,Queue3,DiscreteStock,StateChange,"{""Normal"":{""occupied"":1,""empty"":9}}",
1970-01-01 00:00:26.941561570 UTC,_000010,_000009,Queue3,DiscreteStock,Remove,"""Item_0002""",
1970-01-01 00:00:26.941561571 UTC,_000011,_000010,Queue3,DiscreteStock,StateChange,"{""Empty"":{""occupied"":0,""empty"":10}}",
1970-01-01 00:00:27 UTC,_000017,_000017,Queue1,DiscreteStock,Add,"""Item_0008""",
1970-01-01 00:00:28.641340780 UTC,_000012,_000012,Queue2,DiscreteStock,Add,"""Item_0003""",
1970-01-01 00:00:28.641340780 UTC,_000018,_000013,Queue1,DiscreteStock,Remove,"""Item_0004""",
1970-01-01 00:00:28.641340781 UTC,_000013,_000012,Queue2,DiscreteStock,StateChange,"{""Normal"":{""occupied"":1,""empty"":9}}",
1970-01-01 00:00:28.641340781 UTC,_000014,_000016,Queue2,DiscreteStock,Remove,"""Item_0003""",
1970-01-01 00:00:28.641340782 UTC,_000015,_000014,Queue2,DiscreteStock,StateChange,"{""Empty"":{""occupied"":0,""empty"":10}}",
1970-01-01 00:00:30 UTC,_000019,_000019,Queue1,DiscreteStock,Add,"""Item_0009""",
1970-01-01 00:00:33 UTC,_000020,_000021,Queue1,DiscreteStock,Add,"""Item_0010""",
1970-01-01 00:00:33.572050121 UTC,_000012,_000018,Queue3,DiscreteStock,Add,"""Item_0003""",
1970-01-01 00:00:33.572050122 UTC,_000013,_000012,Queue3,DiscreteStock,StateChange,"{""Normal"":{""occupied"":1,""empty"":9}}",
1970-01-01 00:00:33.572050122 UTC,_000014,_000013,Queue3,DiscreteStock,Remove,"""Item_0003""",
1970-01-01 00:00:33.572050123 UTC,_000015,_000014,Queue3,DiscreteStock,StateChange,"{""Empty"":{""occupied"":0,""empty"":10}}",
1970-01-01 00:00:36 UTC,_000021,_000023,Queue1,DiscreteStock,Add,"""Item_0011""",
1970-01-01 00:00:36.716462810 UTC,_000016,_000015,Queue2,DiscreteStock,Add,"""Item_0004""",
1970-01-01 00:00:36.716462810 UTC,_000022,_000016,Queue1,DiscreteStock,Remove,"""Item_0005""",
1970-01-01 00:00:36.716462811 UTC,_000017,_000016,Queue2,DiscreteStock,StateChange,"{""Normal"":{""occupied"":1,""empty"":9}}",
1970-01-01 00:00:36.716462811 UTC,_000018,_000022,Queue2,DiscreteStock,Remove,"""Item_0004""",
1970-01-01 00:00:36.716462812 UTC,_000019,_000018,Queue2,DiscreteStock,StateChange,"{""Empty"":{""occupied"":0,""empty"":10}}",
1970-01-01 00:00:39 UTC,_000023,_000025,Queue1,DiscreteStock,Add,"""Item_0012""",
1970-01-01 00:00:42 UTC,_000024,_000027,Queue1,DiscreteStock,Add,"""Item_0013""",
1970-01-01 00:00:42.344275633 UTC,_000016,_000024,Queue3,DiscreteStock,Add,"""Item_0004""",
1970-01-01 00:00:42.344275634 UTC,_000017,_000016,Queue3,DiscreteStock,StateChange,"{""Normal"":{""occupied"":1,""empty"":9}}",
1970-01-01 00:00:42.344275634 UTC,_000018,_000017,Queue3,DiscreteStock,Remove,"""Item_0004""",
1970-01-01 00:00:42.344275635 UTC,_000019,_000018,Queue3,DiscreteStock,StateChange,"{""Empty"":{""occupied"":0,""empty"":10}}",
1970-01-01 00:00:45 UTC,_000025,_000029,Queue1,DiscreteStock,Add,"""Item_0014""",
1970-01-01 00:00:45.283352182 UTC,_000020,_000018,Queue2,DiscreteStock,Add,"""Item_0005""",
1970-01-01 00:00:45.283352182 UTC,_000026,_000019,Queue1,DiscreteStock,Remove,"""Item_0006""",
1970-01-01 00:00:45.283352183 UTC,_000021,_000020,Queue2,DiscreteStock,StateChange,"{""Normal"":{""occupied"":1,""empty"":9}}",
1970-01-01 00:00:45.283352183 UTC,_000022,_000028,Queue2,DiscreteStock,Remove,"""Item_0005""",
1970-01-01 00:00:45.283352184 UTC,_000023,_000022,Queue2,DiscreteStock,StateChange,"{""Empty"":{""occupied"":0,""empty"":10}}",
1970-01-01 00:00:48 UTC,_000027,_000031,Queue1,DiscreteStock,Add,"""Item_0015""",
1970-01-01 00:00:51 UTC,_000028,_000033,Queue1,DiscreteStock,Add,"""Item_0016""",
1970-01-01 00:00:51.000000001 UTC,_000029,_000028,Queue1,DiscreteStock,StateChange,"{""Full"":{""occupied"":10,""empty"":0}}",
1970-01-01 00:00:51.432808096 UTC,_000024,_000021,Queue2,DiscreteStock,Add,"""Item_0006""",
1970-01-01 00:00:51.432808096 UTC,_000030,_000022,Queue1,DiscreteStock,Remove,"""Item_0007""",
1970-01-01 00:00:51.432808097 UTC,_000031,_000030,Queue1,DiscreteStock,StateChange,"{""Normal"":{""occupied"":9,""empty"":1}}",
1970-01-01 00:00:51.432808097 UTC,_000025,_000024,Queue2,DiscreteStock,StateChange,"{""Normal"":{""occupied"":1,""empty"":9}}",
1970-01-01 00:00:54.059392957 UTC,_000020,_000030,Queue3,DiscreteStock,Add,"""Item_0005""",
1970-01-01 00:00:54.059392957 UTC,_000026,_000031,Queue2,DiscreteStock,Remove,"""Item_0006""",
1970-01-01 00:00:54.059392958 UTC,_000027,_000026,Queue2,DiscreteStock,StateChange,"{""Empty"":{""occupied"":0,""empty"":10}}",
1970-01-01 00:00:54.059392958 UTC,_000021,_000020,Queue3,DiscreteStock,StateChange,"{""Normal"":{""occupied"":1,""empty"":9}}",
1970-01-01 00:00:54.059392958 UTC,_000022,_000021,Queue3,DiscreteStock,Remove,"""Item_0005""",
1970-01-01 00:00:54.059392959 UTC,_000023,_000022,Queue3,DiscreteStock,StateChange,"{""Empty"":{""occupied"":0,""empty"":10}}",
1970-01-01 00:00:54.432808097 UTC,_000032,_000037,Queue1,DiscreteStock,Add,"""Item_0017""",
1970-01-01 00:00:54.432808098 UTC,_000033,_000032,Queue1,DiscreteStock,StateChange,"{""Full"":{""occupied"":10,""empty"":0}}",
1970-01-01 00:00:56.964555940 UTC,_000028,_000024,Queue2,DiscreteStock,Add,"""Item_0007""",
1970-01-01 00:00:56.964555940 UTC,_000034,_000025,Queue1,DiscreteStock,Remove,"""Item_0008""",
1970-01-01 00:00:56.964555941 UTC,_000035,_000034,Queue1,DiscreteStock,StateChange,"{""Normal"":{""occupied"":9,""empty"":1}}",
1970-01-01 00:00:56.964555941 UTC,_000029,_000028,Queue2,DiscreteStock,StateChange,"{""Normal"":{""occupied"":1,""empty"":9}}",
1970-01-01 00:00:57.295458118 UTC,_000024,_000033,Queue3,DiscreteStock,Add,"""Item_0006""",
1970-01-01 00:00:57.295458118 UTC,_000030,_000034,Queue2,DiscreteStock,Remove,"""Item_0007""",
1970-01-01 00:00:57.295458119 UTC,_000031,_000030,Queue2,DiscreteStock,StateChange,"{""Empty"":{""occupied"":0,""empty"":10}}",
1970-01-01 00:00:57.295458119 UTC,_000025,_000024,Queue3,DiscreteStock,StateChange,"{""Normal"":{""occupied"":1,""empty"":9}}",
1970-01-01 00:00:57.295458119 UTC,_000026,_000025,Queue3,DiscreteStock,Remove,"""Item_0006""",
1970-01-01 00:00:57.295458120 UTC,_000027,_000026,Queue3,DiscreteStock,StateChange,"{""Empty"":{""occupied"":0,""empty"":10}}",
1970-01-01 00:00:59.964555941 UTC,_000036,_000041,Queue1,DiscreteStock,Add,"""Item_0018""",
1970-01-01 00:00:59.964555942 UTC,_000037,_000036,Queue1,DiscreteStock,StateChange,"{""Full"":{""occupied"":10,""empty"":0}}",
1970-01-01 00:01:02.181366051 UTC,_000032,_000027,Queue2,DiscreteStock,Add,"""Item_0008""",
1970-01-01 00:01:02.181366051 UTC,_000038,_000028,Queue1,DiscreteStock,Remove,"""Item_0009""",
1970-01-01 00:01:02.181366052 UTC,_000039,_000038,Queue1,DiscreteStock,StateChange,"{""Normal"":{""occupied"":9,""empty"":1}}",
1970-01-01 00:01:02.181366052 UTC,_000033,_000032,Queue2,DiscreteStock,StateChange,"{""Normal"":{""occupied"":1,""empty"":9}}",
1970-01-01 00:01:02.596815673 UTC,_000028,_000036,Queue3,DiscreteStock,Add,"""Item_0007""",
1970-01-01 00:01:02.596815673 UTC,_000034,_000037,Queue2,DiscreteStock,Remove,"""Item_0008""",
1970-01-01 00:01:02.596815674 UTC,_000035,_000034,Queue2,DiscreteStock,StateChange,"{""Empty"":{""occupied"":0,""empty"":10}}",
1970-01-01 00:01:02.596815674 UTC,_000029,_000028,Queue3,DiscreteStock,StateChange,"{""Normal"":{""occupied"":1,""empty"":9}}",
1970-01-01 00:01:02.596815674 UTC,_000030,_000029,Queue3,DiscreteStock,Remove,"""Item_0007""",
1970-01-01 00:01:02.596815675 UTC,_000031,_000030,Queue3,DiscreteStock,StateChange,"{""Empty"":{""occupied"":0,""empty"":10}}",
1970-01-01 00:01:05.181366052 UTC,_000040,_000045,Queue1,DiscreteStock,Add,"""Item_0019""",
1970-01-01 00:01:05.181366053 UTC,_000041,_000040,Queue1,DiscreteStock,StateChange,"{""Full"":{""occupied"":10,""empty"":0}}",
1970-01-01 00:01:07.226248409 UTC,_000032,_000039,Queue3,DiscreteStock,Add,"""Item_0008""",
1970-01-01 00:01:07.226248410 UTC,_000033,_000032,Queue3,DiscreteStock,StateChange,"{""Normal"":{""occupied"":1,""empty"":9}}",
1970-01-01 00:01:07.226248410 UTC,_000034,_000033,Queue3,DiscreteStock,Remove,"""Item_0008""",
1970-01-01 00:01:07.226248411 UTC,_000035,_000034,Queue3,DiscreteStock,StateChange,"{""Empty"":{""occupied"":0,""empty"":10}}",
1970-01-01 00:01:09.627669518 UTC,_000036,_000030,Queue2,DiscreteStock,Add,"""Item_0009""",
1970-01-01 00:01:09.627669518 UTC,_000042,_000031,Queue1,DiscreteStock,Remove,"""Item_0010""",
1970-01-01 00:01:09.627669519 UTC,_000043,_000042,Queue1,DiscreteStock,StateChange,"{""Normal"":{""occupied"":9,""empty"":1}}",
1970-01-01 00:01:09.627669519 UTC,_000037,_000036,Queue2,DiscreteStock,StateChange,"{""Normal"":{""occupied"":1,""empty"":9}}",
1970-01-01 00:01:09.627669519 UTC,_000038,_000043,Queue2,DiscreteStock,Remove,"""Item_0009""",
1970-01-01 00:01:09.627669520 UTC,_000039,_000038,Queue2,DiscreteStock,StateChange,"{""Empty"":{""occupied"":0,""empty"":10}}",
1970-01-01 00:01:12.627669519 UTC,_000044,_000049,Queue1,DiscreteStock,Add,"""Item_0020""",
1970-01-01 00:01:12.627669520 UTC,_000045,_000044,Queue1,DiscreteStock,StateChange,"{""Full"":{""occupied"":10,""empty"":0}}",
1970-01-01 00:01:13.920211394 UTC,_000040,_000033,Queue2,DiscreteStock,Add,"""Item_0010""",
1970-01-01 00:01:13.920211394 UTC,_000046,_000034,Queue1,DiscreteStock,Remove,"""Item_0011""",
1970-01-01 00:01:13.920211395 UTC,_000047,_000046,Queue1,DiscreteStock,StateChange,"{""Normal"":{""occupied"":9,""empty"":1}}",
1970-01-01 00:01:13.920211395 UTC,_000041,_000040,Queue2,DiscreteStock,StateChange,"{""Normal"":{""occupied"":1,""empty"":9}}",
1970-01-01 00:01:16.421456665 UTC,_000036,_000045,Queue3,DiscreteStock,Add,"""Item_0009""",
1970-01-01 00:01:16.421456665 UTC,_000042,_000046,Queue2,DiscreteStock,Remove,"""Item_0010""",
1970-01-01 00:01:16.421456666 UTC,_000043,_000042,Queue2,DiscreteStock,StateChange,"{""Empty"":{""occupied"":0,""empty"":10}}",
1970-01-01 00:01:16.421456666 UTC,_000037,_000036,Queue3,DiscreteStock,StateChange,"{""Normal"":{""occupied"":1,""empty"":9}}",
1970-01-01 00:01:16.421456666 UTC,_000038,_000037,Queue3,DiscreteStock,Remove,"""Item_0009""",
1970-01-01 00:01:16.421456667 UTC,_000039,_000038,Queue3,DiscreteStock,StateChange,"{""Empty"":{""occupied"":0,""empty"":10}}",
1970-01-01 00:01:16.920211395 UTC,_000048,_000053,Queue1,DiscreteStock,Add,"""Item_0021""",
1970-01-01 00:01:16.920211396 UTC,_000049,_000048,Queue1,DiscreteStock,StateChange,"{""Full"":{""occupied"":10,""empty"":0}}",
1970-01-01 00:01:22.535013509 UTC,_000040,_000048,Queue3,DiscreteStock,Add,"""Item_0010""",
1970-01-01 00:01:22.535013510 UTC,_000041,_000040,Queue3,DiscreteStock,StateChange,"{""Normal"":{""occupied"":1,""empty"":9}}",
1970-01-01 00:01:22.535013510 UTC,_000042,_000041,Queue3,DiscreteStock,Remove,"""Item_0010""",
1970-01-01 00:01:22.535013511 UTC,_000043,_000042,Queue3,DiscreteStock,StateChange,"{""Empty"":{""occupied"":0,""empty"":10}}",
1970-01-01 00:01:22.998120728 UTC,_000044,_000036,Queue2,DiscreteStock,Add,"""Item_0011""",
1970-01-01 00:01:22.998120728 UTC,_000050,_000037,Queue1,DiscreteStock,Remove,"""Item_0012""",
1970-01-01 00:01:22.998120729 UTC,_000051,_000050,Queue1,DiscreteStock,StateChange,"{""Normal"":{""occupied"":9,""empty"":1}}",
1970-01-01 00:01:22.998120729 UTC,_000045,_000044,Queue2,DiscreteStock,StateChange,"{""Normal"":{""occupied"":1,""empty"":9}}",
1970-01-01 00:01:22.998120729 UTC,_000046,_000052,Queue2,DiscreteStock,Remove,"""Item_0011""",
1970-01-01 00:01:22.998120730 UTC,_000047,_000046,Queue2,DiscreteStock,StateChange,"{""Empty"":{""occupied"":0,""empty"":10}}",
1970-01-01 00:01:25.998120729 UTC,_000052,_000057,Queue1,DiscreteStock,Add,"""Item_0022""",
1970-01-01 00:01:25.998120730 UTC,_000053,_000052,Queue1,DiscreteStock,StateChange,"{""Full"":{""occupied"":10,""empty"":0}}",
1970-01-01 00:01:29.420775945 UTC,_000048,_000039,Queue2,DiscreteStock,Add,"""Item_0012""",
1970-01-01 00:01:29.420775945 UTC,_000054,_000040,Queue1,DiscreteStock,Remove,"""Item_0013""",
1970-01-01 00:01:29.420775946 UTC,_000055,_000054,Queue1,DiscreteStock,StateChange,"{""Normal"":{""occupied"":9,""empty"":1}}",
1970-01-01 00:01:29.420775946 UTC,_000049,_000048,Queue2,DiscreteStock,StateChange,"{""Normal"":{""occupied"":1,""empty"":9}}",
1970-01-01 00:01:30.974657193 UTC,_000044,_000054,Queue3,DiscreteStock,Add,"""Item_0011""",
1970-01-01 00:01:30.974657193 UTC,_000050,_000055,Queue2,DiscreteStock,Remove,"""Item_0012""",
1970-01-01 00:01:30.974657194 UTC,_000051,_000050,Queue2,DiscreteStock,StateChange,"{""Empty"":{""occupied"":0,""empty"":10}}",
1970-01-01 00:01:30.974657194 UTC,_000045,_000044,Queue3,DiscreteStock,StateChange,"{""Normal"":{""occupied"":1,""empty"":9}}",
1970-01-01 00:01:30.974657194 UTC,_000046,_000045,Queue3,DiscreteStock,Remove,"""Item_0011""",
1970-01-01 00:01:30.974657195 UTC,_000047,_000046,Queue3,DiscreteStock,StateChange,"{""Empty"":{""occupied"":0,""empty"":10}}",
1970-01-01 00:01:31.988388949 UTC,_000052,_000042,Queue2,DiscreteStock,Add,"""Item_0013""",
1970-01-01 00:01:31.988388949 UTC,_000056,_000043,Queue1,DiscreteStock,Remove,"""Item_0014""",
1970-01-01 00:01:31.988388950 UTC,_000053,_000052,Queue2,DiscreteStock,StateChange,"{""Normal"":{""occupied"":1,""empty"":9}}",
1970-01-01 00:01:32.420775946 UTC,_000057,_000061,Queue1,DiscreteStock,Add,"""Item_0023""",
1970-01-01 00:01:35.420775946 UTC,_000058,_000063,Queue1,DiscreteStock,Add,"""Item_0024""",
1970-01-01 00:01:35.420775947 UTC,_000059,_000058,Queue1,DiscreteStock,StateChange,"{""Full"":{""occupied"":10,""empty"":0}}",
1970-01-01 00:01:37.105421727 UTC,_000048,_000057,Queue3,DiscreteStock,Add,"""Item_0012""",
1970-01-01 00:01:37.105421727 UTC,_000054,_000058,Queue2,DiscreteStock,Remove,"""Item_0013""",
1970-01-01 00:01:37.105421728 UTC,_000055,_000054,Queue2,DiscreteStock,StateChange,"{""Empty"":{""occupied"":0,""empty"":10}}",
1970-01-01 00:01:37.105421728 UTC,_000049,_000048,Queue3,DiscreteStock,StateChange,"{""Normal"":{""occupied"":1,""empty"":9}}",
1970-01-01 00:01:37.105421728 UTC,_000050,_000049,Queue3,DiscreteStock,Remove,"""Item_0012""",
1970-01-01 00:01:37.105421729 UTC,_000051,_000050,Queue3,DiscreteStock,StateChange,"{""Empty"":{""occupied"":0,""empty"":10}}",
1970-01-01 00:01:40.308091 UTC,_000056,_000045,Queue2,DiscreteStock,Add,"""Item_0014""",
1970-01-01 00:01:40.308091 UTC,_000060,_000046,Queue1,DiscreteStock,Remove,"""Item_0015""",
1970-01-01 00:01:40.308091001 UTC,_000061,_000060,Queue1,DiscreteStock,StateChange,"{""Normal"":{""occupied"":9,""empty"":1}}",
1970-01-01 00:01:40.308091001 UTC,_000057,_000056,Queue2,DiscreteStock,StateChange,"{""Normal"":{""occupied"":1,""empty"":9}}",
1970-01-01 00:01:42.740925027 UTC,_000052,_000060,Queue3,DiscreteStock,Add,"""Item_0013""",
1970-01-01 00:01:42.740925027 UTC,_000058,_000061,Queue2,DiscreteStock,Remove,"""Item_0014""",
1970-01-01 00:01:42.740925028 UTC,_000059,_000058,Queue2,DiscreteStock,StateChange,"{""Empty"":{""occupied"":0,""empty"":10}}",
1970-01-01 00:01:42.740925028 UTC,_000053,_000052,Queue3,DiscreteStock,StateChange,"{""Normal"":{""occupied"":1,""empty"":9}}",
1970-01-01 00:01:42.740925028 UTC,_000054,_000053,Queue3,DiscreteStock,Remove,"""Item_0013""",
1970-01-01 00:01:42.740925029 UTC,_000055,_000054,Queue3,DiscreteStock,StateChange,"{""Empty"":{""occupied"":0,""empty"":10}}",
1970-01-01 00:01:43.308091001 UTC,_000062,_000067,Queue1,DiscreteStock,Add,"""Item_0025""",
1970-01-01 00:01:43.308091002 UTC,_000063,_000062,Queue1,DiscreteStock,StateChange,"{""Full"":{""occupied"":10,""empty"":0}}",
1970-01-01 00:01:44.490831665 UTC,_000060,_000048,Queue2,DiscreteStock,Add,"""Item_0015""",
1970-01-01 00:01:44.490831665 UTC,_000064,_000049,Queue1,DiscreteStock,Remove,"""Item_0016""",
1970-01-01 00:01:44.490831666 UTC,_000065,_000064,Queue1,DiscreteStock,StateChange,"{""Normal"":{""occupied"":9,""empty"":1}}",
1970-01-01 00:01:44.490831666 UTC,_000061,_000060,Queue2,DiscreteStock,StateChange,"{""Normal"":{""occupied"":1,""empty"":9}}",
1970-01-01 00:01:47.490831666 UTC,_000066,_000071,Queue1,DiscreteStock,Add,"""Item_0026""",
1970-01-01 00:01:47.490831667 UTC,_000067,_000066,Queue1,DiscreteStock,StateChange,"{""Full"":{""occupied"":10,""empty"":0}}",
1970-01-01 00:01:48.722596326 UTC,_000062,_000051,Queue2,DiscreteStock,Add,"""Item_0016""",
1970-01-01 00:01:48.722596326 UTC,_000068,_000052,Queue1,DiscreteStock,Remove,"""Item_0017""",
1970-01-01 00:01:48.722596327 UTC,_000069,_000068,Queue1,DiscreteStock,StateChange,"{""Normal"":{""occupied"":9,""empty"":1}}",
1970-01-01 00:01:48.879082517 UTC,_000056,_000063,Queue3,DiscreteStock,Add,"""Item_0014""",
1970-01-01 00:01:48.879082517 UTC,_000063,_000064,Queue2,DiscreteStock,Remove,"""Item_0015""",
1970-01-01 00:01:48.879082518 UTC,_000057,_000056,Queue3,DiscreteStock,StateChange,"{""Normal"":{""occupied"":1,""empty"":9}}",
1970-01-01 00:01:48.879082518 UTC,_000058,_000057,Queue3,DiscreteStock,Remove,"""Item_0014""",
1970-01-01 00:01:48.879082519 UTC,_000059,_000058,Queue3,DiscreteStock,StateChange,"{""Empty"":{""occupied"":0,""empty"":10}}",
1970-01-01 00:01:51.722596327 UTC,_000070,_000075,Queue1,DiscreteStock,Add,"""Item_0027""",
1970-01-01 00:01:51.722596328 UTC,_000071,_000070,Queue1,DiscreteStock,StateChange,"{""Full"":{""occupied"":10,""empty"":0}}",
1970-01-01 00:01:52.747038459 UTC,_000060,_000066,Queue3,DiscreteStock,Add,"""Item_0015""",
1970-01-01 00:01:52.747038459 UTC,_000064,_000067,Queue2,DiscreteStock,Remove,"""Item_0016""",
1970-01-01 00:01:52.747038460 UTC,_000065,_000064,Queue2,DiscreteStock,StateChange,"{""Empty"":{""occupied"":0,""empty"":10}}",
1970-01-01 00:01:52.747038460 UTC,_000061,_000060,Queue3,DiscreteStock,StateChange,"{""Normal"":{""occupied"":1,""empty"":9}}",
1970-01-01 00:01:52.747038460 UTC,_000062,_000061,Queue3,DiscreteStock,Remove,"""Item_0015""",
1970-01-01 00:01:52.747038461 UTC,_000063,_000062,Queue3,DiscreteStock,StateChange,"{""Empty"":{""occupied"":0,""empty"":10}}",
1970-01-01 00:01:53.378255865 UTC,_000066,_000054,Queue2,DiscreteStock,Add,"""Item_0017""",
1970-01-01 00:01:53.378255865 UTC,_000072,_000055,Queue1,DiscreteStock,Remove,"""Item_0018""",
1970-01-01 00:01:53.378255866 UTC,_000073,_000072,Queue1,DiscreteStock,StateChange,"{""Normal"":{""occupied"":9,""empty"":1}}",
1970-01-01 00:01:53.378255866 UTC,_000067,_000066,Queue2,DiscreteStock,StateChange,"{""Normal"":{""occupied"":1,""empty"":9}}",
1970-01-01 00:01:56.378255866 UTC,_000074,_000079,Queue1,DiscreteStock,Add,"""Item_0028""",
1970-01-01 00:01:56.378255867 UTC,_000075,_000074,Queue1,DiscreteStock,StateChange,"{""Full"":{""occupied"":10,""empty"":0}}",
1970-01-01 00:01:56.578180556 UTC,_000064,_000069,Queue3,DiscreteStock,Add,"""Item_0016""",
1970-01-01 00:01:56.578180556 UTC,_000068,_000070,Queue2,DiscreteStock,Remove,"""Item_0017""",
1970-01-01 00:01:56.578180557 UTC,_000069,_000068,Queue2,DiscreteStock,StateChange,"{""Empty"":{""occupied"":0,""empty"":10}}",
1970-01-01 00:01:56.578180557 UTC,_000065,_000064,Queue3,DiscreteStock,StateChange,"{""Normal"":{""occupied"":1,""empty"":9}}",
1970-01-01 00:01:56.578180557 UTC,_000066,_000065,Queue3,DiscreteStock,Remove,"""Item_0016""",
1970-01-01 00:01:56.578180558 UTC,_000067,_000066,Queue3,DiscreteStock,StateChange,"{""Empty"":{""occupied"":0,""empty"":10}}",
1970-01-01 00:02:00.614594920 UTC,_000070,_000057,Queue2,DiscreteStock,Add,"""Item_0018""",
1970-01-01 00:02:00.614594920 UTC,_000076,_000058,Queue1,DiscreteStock,Remove,"""Item_0019""",
1970-01-01 00:02:00.614594921 UTC,_000077,_000076,Queue1,DiscreteStock,StateChange,"{""Normal"":{""occupied"":9,""empty"":1}}",
1970-01-01 00:02:00.614594921 UTC,_000071,_000070,Queue2,DiscreteStock,StateChange,"{""Normal"":{""occupied"":1,""empty"":9}}",
1970-01-01 00:02:03.614594921 UTC,_000078,_000083,Queue1,DiscreteStock,Add,"""Item_0029""",
1970-01-01 00:02:03.614594922 UTC,_000079,_000078,Queue1,DiscreteStock,StateChange,"{""Full"":{""occupied"":10,""empty"":0}}",
1970-01-01 00:02:03.772107395 UTC,_000068,_000072,Queue3,DiscreteStock,Add,"""Item_0017""",
1970-01-01 00:02:03.772107395 UTC,_000072,_000073,Queue2,DiscreteStock,Remove,"""Item_0018""",
1970-01-01 00:02:03.772107396 UTC,_000073,_000072,Queue2,DiscreteStock,StateChange,"{""Empty"":{""occupied"":0,""empty"":10}}",
1970-01-01 00:02:03.772107396 UTC,_000069,_000068,Queue3,DiscreteStock,StateChange,"{""Normal"":{""occupied"":1,""empty"":9}}",
1970-01-01 00:02:03.772107396 UTC,_000070,_000069,Queue3,DiscreteStock,Remove,"""Item_0017""",
1970-01-01 00:02:03.772107397 UTC,_000071,_000070,Queue3,DiscreteStock,StateChange,"{""Empty"":{""occupied"":0,""empty"":10}}",
1970-01-01 00:02:07.464121050 UTC,_000074,_000060,Queue2,DiscreteStock,Add,"""Item_0019""",
1970-01-01 00:02:07.464121050 UTC,_000080,_000061,Queue1,DiscreteStock,Remove,"""Item_0020""",
1970-01-01 00:02:07.464121051 UTC,_000081,_000080,Queue1,DiscreteStock,StateChange,"{""Normal"":{""occupied"":9,""empty"":1}}",
1970-01-01 00:02:07.464121051 UTC,_000075,_000074,Queue2,DiscreteStock,StateChange,"{""Normal"":{""occupied"":1,""empty"":9}}",
1970-01-01 00:02:10.107135654 UTC,_000072,_000075,Queue3,DiscreteStock,Add,"""Item_0018""",
1970-01-01 00:02:10.107135654 UTC,_000076,_000076,Queue2,DiscreteStock,Remove,"""Item_0019""",
1970-01-01 00:02:10.107135655 UTC,_000077,_000076,Queue2,DiscreteStock,StateChange,"{""Empty"":{""occupied"":0,""empty"":10}}",
1970-01-01 00:02:10.107135655 UTC,_000073,_000072,Queue3,DiscreteStock,StateChange,"{""Normal"":{""occupied"":1,""empty"":9}}",
1970-01-01 00:02:10.107135655 UTC,_000074,_000073,Queue3,DiscreteStock,Remove,"""Item_0018""",
1970-01-01 00:02:10.107135656 UTC,_000075,_000074,Queue3,DiscreteStock,StateChange,"{""Empty"":{""occupied"":0,""empty"":10}}",
1970-01-01 00:02:10.464121051 UTC,_000082,_000087,Queue1,DiscreteStock,Add,"""Item_0030""",
1970-01-01 00:02:10.464121052 UTC,_000083,_000082,Queue1,DiscreteStock,StateChange,"{""Full"":{""occupied"":10,""empty"":0}}",
1970-01-01 00:02:13.585611380 UTC,_000078,_000063,Queue2,DiscreteStock,Add,"""Item_0020""",
1970-01-01 00:02:13.585611380 UTC,_000084,_000064,Queue1,DiscreteStock,Remove,"""Item_0021""",
1970-01-01 00:02:13.585611381 UTC,_000085,_000084,Queue1,DiscreteStock,StateChange,"{""Normal"":{""occupied"":9,""empty"":1}}",
1970-01-01 00:02:13.585611381 UTC,_000079,_000078,Queue2,DiscreteStock,StateChange,"{""Normal"":{""occupied"":1,""empty"":9}}",
1970-01-01 00:02:15.830104573 UTC,_000076,_000078,Queue3,DiscreteStock,Add,"""Item_0019""",
1970-01-01 00:02:15.830104573 UTC,_000080,_000079,Queue2,DiscreteStock,Remove,"""Item_0020""",
1970-01-01 00:02:15.830104574 UTC,_000081,_000080,Queue2,DiscreteStock,StateChange,"{""Empty"":{""occupied"":0,""empty"":10}}",
1970-01-01 00:02:15.830104574 UTC,_000077,_000076,Queue3,DiscreteStock,StateChange,"{""Normal"":{""occupied"":1,""empty"":9}}",
1970-01-01 00:02:15.830104574 UTC,_000078,_000077,Queue3,DiscreteStock,Remove,"""Item_0019""",
1970-01-01 00:02:15.830104575 UTC,_000079,_000078,Queue3,DiscreteStock,StateChange,"{""Empty"":{""occupied"":0,""empty"":10}}",
1970-01-01 00:02:16.585611381 UTC,_000086,_000091,Queue1,DiscreteStock,Add,"""Item_0031""",
1970-01-01 00:02:16.585611382 UTC,_000087,_000086,Queue1,DiscreteStock,StateChange,"{""Full"":{""occupied"":10,""empty"":0}}",
1970-01-01 00:02:17.481941037 UTC,_000082,_000066,Queue2,DiscreteStock,Add,"""Item_0021""",
1970-01-01 00:02:17.481941037 UTC,_000088,_000067,Queue1,DiscreteStock,Remove,"""Item_0022""",
1970-01-01 00:02:17.481941038 UTC,_000089,_000088,Queue1,DiscreteStock,StateChange,"{""Normal"":{""occupied"":9,""empty"":1}}",
1970-01-01 00:02:17.481941038 UTC,_000083,_000082,Queue2,DiscreteStock,StateChange,"{""Normal"":{""occupied"":1,""empty"":9}}",
1970-01-01 00:02:20.056540482 UTC,_000080,_000081,Queue3,DiscreteStock,Add,"""Item_0020""",
1970-01-01 00:02:20.056540482 UTC,_000084,_000082,Queue2,DiscreteStock,Remove,"""Item_0021""",
1970-01-01 00:02:20.056540483 UTC,_000085,_000084,Queue2,DiscreteStock,StateChange,"{""Empty"":{""occupied"":0,""empty"":10}}",
1970-01-01 00:02:20.056540483 UTC,_000081,_000080,Queue3,DiscreteStock,StateChange,"{""Normal"":{""occupied"":1,""empty"":9}}",
1970-01-01 00:02:20.056540483 UTC,_000082,_000081,Queue3,DiscreteStock,Remove,"""Item_0020""",
1970-01-01 00:02:20.056540484 UTC,_000083,_000082,Queue3,DiscreteStock,StateChange,"{""Empty"":{""occupied"":0,""empty"":10}}",
1970-01-01 00:02:20.481941038 UTC,_000090,_000095,Queue1,DiscreteStock,Add,"""Item_0032""",
1970-01-01 00:02:20.481941039 UTC,_000091,_000090,Queue1,DiscreteStock,StateChange,"{""Full"":{""occupied"":10,""empty"":0}}",
1970-01-01 00:02:21.862277075 UTC,_000086,_000069,Queue2,DiscreteStock,Add,"""Item_0022""",
1970-01-01 00:02:21.862277075 UTC,_000092,_000070,Queue1,DiscreteStock,Remove,"""Item_0023""",
1970-01-01 00:02:21.862277076 UTC,_000093,_000092,Queue1,DiscreteStock,StateChange,"{""Normal"":{""occupied"":9,""empty"":1}}",
1970-01-01 00:02:21.862277076 UTC,_000087,_000086,Queue2,DiscreteStock,StateChange,"{""Normal"":{""occupied"":1,""empty"":9}}",
1970-01-01 00:02:24.862277076 UTC,_000094,_000099,Queue1,DiscreteStock,Add,"""Item_0033""",
1970-01-01 00:02:24.862277077 UTC,_000095,_000094,Queue1,DiscreteStock,StateChange,"{""Full"":{""occupied"":10,""empty"":0}}",
1970-01-01 00:02:27.481010130 UTC,_000084,_000084,Queue3,DiscreteStock,Add,"""Item_0021""",
1970-01-01 00:02:27.481010130 UTC,_000088,_000085,Queue2,DiscreteStock,Remove,"""Item_0022""",
1970-01-01 00:02:27.481010131 UTC,_000089,_000088,Queue2,DiscreteStock,StateChange,"{""Empty"":{""occupied"":0,""empty"":10}}",
1970-01-01 00:02:27.481010131 UTC,_000085,_000084,Queue3,DiscreteStock,StateChange,"{""Normal"":{""occupied"":1,""empty"":9}}",
1970-01-01 00:02:27.481010131 UTC,_000086,_000085,Queue3,DiscreteStock,Remove,"""Item_0021""",
1970-01-01 00:02:27.481010132 UTC,_000087,_000086,Queue3,DiscreteStock,StateChange,"{""Empty"":{""occupied"":0,""empty"":10}}",
1970-01-01 00:02:29.654372196 UTC,_000090,_000072,Queue2,DiscreteStock,Add,"""Item_0023""",
1970-01-01 00:02:29.654372196 UTC,_000096,_000073,Queue1,DiscreteStock,Remove,"""Item_0024""",
1970-01-01 00:02:29.654372197 UTC,_000097,_000096,Queue1,DiscreteStock,StateChange,"{""Normal"":{""occupied"":9,""empty"":1}}",
1970-01-01 00:02:29.654372197 UTC,_000091,_000090,Queue2,DiscreteStock,StateChange,"{""Normal"":{""occupied"":1,""empty"":9}}",
1970-01-01 00:02:32.654372197 UTC,_000098,_000103,Queue1,DiscreteStock,Add,"""Item_0034""",
1970-01-01 00:02:32.654372198 UTC,_000099,_000098,Queue1,DiscreteStock,StateChange,"{""Full"":{""occupied"":10,""empty"":0}}",
1970-01-01 00:02:34.180778875 UTC,_000088,_000087,Queue3,DiscreteStock,Add,"""Item_0022""",
1970-01-01 00:02:34.180778875 UTC,_000092,_000088,Queue2,DiscreteStock,Remove,"""Item_0023""",
1970-01-01 00:02:34.180778876 UTC,_000093,_000092,Queue2,DiscreteStock,StateChange,"{""Empty"":{""occupied"":0,""empty"":10}}",
1970-01-01 00:02:34.180778876 UTC,_000089,_000088,Queue3,DiscreteStock,StateChange,"{""Normal"":{""occupied"":1,""empty"":9}}",
1970-01-01 00:02:34.180778876 UTC,_000090,_000089,Queue3,DiscreteStock,Remove,"""Item_0022""",
1970-01-01 00:02:34.180778877 UTC,_000091,_000090,Queue3,DiscreteStock,StateChange,"{""Empty"":{""occupied"":0,""empty"":10}}",
1970-01-01 00:02:34.845451426 UTC,_000094,_000075,Queue2,DiscreteStock,Add,"""Item_0024""",
1970-01-01 00:02:34.845451426 UTC,_000100,_000076,Queue1,DiscreteStock,Remove,"""Item_0025""",
1970-01-01 00:02:34.845451427 UTC,_000101,_000100,Queue1,DiscreteStock,StateChange,"{""Normal"":{""occupied"":9,""empty"":1}}",
1970-01-01 00:02:34.845451427 UTC,_000095,_000094,Queue2,DiscreteStock,StateChange,"{""Normal"":{""occupied"":1,""empty"":9}}",
1970-01-01 00:02:37.845451427 UTC,_000102,_000107,Queue1,DiscreteStock,Add,"""Item_0035""",
1970-01-01 00:02:37.845451428 UTC,_000103,_000102,Queue1,DiscreteStock,StateChange,"{""Full"":{""occupied"":10,""empty"":0}}",
1970-01-01 00:02:37.909230133 UTC,_000092,_000090,Queue3,DiscreteStock,Add,"""Item_0023""",
1970-01-01 00:02:37.909230133 UTC,_000096,_000091,Queue2,DiscreteStock,Remove,"""Item_0024""",
1970-01-01 00:02:37.909230134 UTC,_000097,_000096,Queue2,DiscreteStock,StateChange,"{""Empty"":{""occupied"":0,""empty"":10}}",
1970-01-01 00:02:37.909230134 UTC,_000093,_000092,Queue3,DiscreteStock,StateChange,"{""Normal"":{""occupied"":1,""empty"":9}}",
1970-01-01 00:02:37.909230134 UTC,_000094,_000093,Queue3,DiscreteStock,Remove,"""Item_0023""",
1970-01-01 00:02:37.909230135 UTC,_000095,_000094,Queue3,DiscreteStock,StateChange,"{""Empty"":{""occupied"":0,""empty"":10}}",
1970-01-01 00:02:42.715824147 UTC,_000096,_000093,Queue3,DiscreteStock,Add,"""Item_0024""",
1970-01-01 00:02:42.715824148 UTC,_000097,_000096,Queue3,DiscreteStock,StateChange,"{""Normal"":{""occupied"":1,""empty"":9}}",
1970-01-01 00:02:42.715824148 UTC,_000098,_000097,Queue3,DiscreteStock,Remove,"""Item_0024""",
1970-01-01 00:02:42.715824149 UTC,_000099,_000098,Queue3,DiscreteStock,StateChange,"{""Empty"":{""occupied"":0,""empty"":10}}",
1970-01-01 00:02:42.953371726 UTC,_000098,_000078,Queue2,DiscreteStock,Add,"""Item_0025""",
1970-01-01 00:02:42.953371726 UTC,_000104,_000079,Queue1,DiscreteStock,Remove,"""Item_0026""",
1970-01-01 00:02:42.953371727 UTC,_000105,_000104,Queue1,DiscreteStock,StateChange,"{""Normal"":{""occupied"":9,""empty"":1}}",
1970-01-01 00:02:42.953371727 UTC,_000099,_000098,Queue2,DiscreteStock,StateChange,"{""Normal"":{""occupied"":1,""empty"":9}}",
1970-01-01 00:02:42.953371727 UTC,_000100,_000097,Queue2,DiscreteStock,Remove,"""Item_0025""",
1970-01-01 00:02:42.953371728 UTC,_000101,_000100,Queue2,DiscreteStock,StateChange,"{""Empty"":{""occupied"":0,""empty"":10}}",
1970-01-01 00:02:45.953371727 UTC,_000106,_000111,Queue1,DiscreteStock,Add,"""Item_0036""",
1970-01-01 00:02:45.953371728 UTC,_000107,_000106,Queue1,DiscreteStock,StateChange,"{""Full"":{""occupied"":10,""empty"":0}}",
1970-01-01 00:02:49.620030034 UTC,_000100,_000099,Queue3,DiscreteStock,Add,"""Item_0025""",
1970-01-01 00:02:49.620030035 UTC,_000101,_000100,Queue3,DiscreteStock,StateChange,"{""Normal"":{""occupied"":1,""empty"":9}}",
1970-01-01 00:02:49.620030035 UTC,_000102,_000101,Queue3,DiscreteStock,Remove,"""Item_0025""",
1970-01-01 00:02:49.620030036 UTC,_000103,_000102,Queue3,DiscreteStock,StateChange,"{""Empty"":{""occupied"":0,""empty"":10}}",
1970-01-01 00:02:51.935452478 UTC,_000102,_000081,Queue2,DiscreteStock,Add,"""Item_0026""",
1970-01-01 00:02:51.935452478 UTC,_000108,_000082,Queue1,DiscreteStock,Remove,"""Item_0027""",
1970-01-01 00:02:51.935452479 UTC,_000109,_000108,Queue1,DiscreteStock,StateChange,"{""Normal"":{""occupied"":9,""empty"":1}}",
1970-01-01 00:02:51.935452479 UTC,_000103,_000102,Queue2,DiscreteStock,StateChange,"{""Normal"":{""occupied"":1,""empty"":9}}",
1970-01-01 00:02:51.935452479 UTC,_000104,_000103,Queue2,DiscreteStock,Remove,"""Item_0026""",
1970-01-01 00:02:51.935452480 UTC,_000105,_000104,Queue2,DiscreteStock,StateChange,"{""Empty"":{""occupied"":0,""empty"":10}}",
1970-01-01 00:02:54.195258342 UTC,_000106,_000084,Queue2,DiscreteStock,Add,"""Item_0027""",
1970-01-01 00:02:54.195258342 UTC,_000110,_000085,Queue1,DiscreteStock,Remove,"""Item_0028""",
1970-01-01 00:02:54.195258343 UTC,_000107,_000106,Queue2,DiscreteStock,StateChange,"{""Normal"":{""occupied"":1,""empty"":9}}",
1970-01-01 00:02:54.935452479 UTC,_000111,_000115,Queue1,DiscreteStock,Add,"""Item_0037""",
1970-01-01 00:02:57.935452479 UTC,_000112,_000117,Queue1,DiscreteStock,Add,"""Item_0038""",
1970-01-01 00:02:57.935452480 UTC,_000113,_000112,Queue1,DiscreteStock,StateChange,"{""Full"":{""occupied"":10,""empty"":0}}",
1970-01-01 00:03:00.403446357 UTC,_000104,_000105,Queue3,DiscreteStock,Add,"""Item_0026""",
1970-01-01 00:03:00.403446357 UTC,_000108,_000106,Queue2,DiscreteStock,Remove,"""Item_0027""",
1970-01-01 00:03:00.403446358 UTC,_000109,_000108,Queue2,DiscreteStock,StateChange,"{""Empty"":{""occupied"":0,""empty"":10}}",
1970-01-01 00:03:00.403446358 UTC,_000105,_000104,Queue3,DiscreteStock,StateChange,"{""Normal"":{""occupied"":1,""empty"":9}}",
1970-01-01 00:03:00.403446358 UTC,_000106,_000105,Queue3,DiscreteStock,Remove,"""Item_0026""",
1970-01-01 00:03:00.403446359 UTC,_000107,_000106,Queue3,DiscreteStock,StateChange,"{""Empty"":{""occupied"":0,""empty"":10}}",
1970-01-01 00:03:01.633769098 UTC,_000110,_000087,Queue2,DiscreteStock,Add,"""Item_0028""",
1970-01-01 00:03:01.633769098 UTC,_000114,_000088,Queue1,DiscreteStock,Remove,"""Item_0029""",
1970-01-01 00:03:01.633769099 UTC,_000115,_000114,Queue1,DiscreteStock,StateChange,"{""Normal"":{""occupied"":9,""empty"":1}}",
1970-01-01 00:03:01.633769099 UTC,_000111,_000110,Queue2,DiscreteStock,StateChange,"{""Normal"":{""occupied"":1,""empty"":9}}",
1970-01-01 00:03:03.482303744 UTC,_000108,_000108,Queue3,DiscreteStock,Add,"""Item_0027""",
1970-01-01 00:03:03.482303744 UTC,_000112,_000109,Queue2,DiscreteStock,Remove,"""Item_0028""",
1970-01-01 00:03:03.482303745 UTC,_000113,_000112,Queue2,DiscreteStock,StateChange,"{""Empty"":{""occupied"":0,""empty"":10}}",
1970-01-01 00:03:03.482303745 UTC,_000109,_000108,Queue3,DiscreteStock,StateChange,"{""Normal"":{""occupied"":1,""empty"":9}}",
1970-01-01 00:03:03.482303745 UTC,_000110,_000109,Queue3,DiscreteStock,Remove,"""Item_0027""",
1970-01-01 00:03:03.482303746 UTC,_000111,_000110,Queue3,DiscreteStock,StateChange,"{""Empty"":{""occupied"":0,""empty"":10}}",
1970-01-01 00:03:04.633769099 UTC,_000116,_000121,Queue1,DiscreteStock,Add,"""Item_0039""",
1970-01-01 00:03:04.633769100 UTC,_000117,_000116,Queue1,DiscreteStock,StateChange,"{""Full"":{""occupied"":10,""empty"":0}}",
1970-01-01 00:03:07.060682346 UTC,_000114,_000090,Queue2,DiscreteStock,Add,"""Item_0029""",
1970-01-01 00:03:07.060682346 UTC,_000118,_000091,Queue1,DiscreteStock,Remove,"""Item_0030""",
1970-01-01 00:03:07.060682347 UTC,_000119,_000118,Queue1,DiscreteStock,StateChange,"{""Normal"":{""occupied"":9,""empty"":1}}",
1970-01-01 00:03:07.060682347 UTC,_000115,_000114,Queue2,DiscreteStock,StateChange,"{""Normal"":{""occupied"":1,""empty"":9}}",
1970-01-01 00:03:08.370895772 UTC,_000112,_000111,Queue3,DiscreteStock,Add,"""Item_0028""",
1970-01-01 00:03:08.370895772 UTC,_000116,_000112,Queue2,DiscreteStock,Remove,"""Item_0029""",
1970-01-01 00:03:08.370895773 UTC,_000117,_000116,Queue2,DiscreteStock,StateChange,"{""Empty"":{""occupied"":0,""empty"":10}}",
1970-01-01 00:03:08.370895773 UTC,_000113,_000112,Queue3,DiscreteStock,StateChange,"{""Normal"":{""occupied"":1,""empty"":9}}",
1970-01-01 00:03:08.370895773 UTC,_000114,_000113,Queue3,DiscreteStock,Remove,"""Item_0028""",
1970-01-01 00:03:08.370895774 UTC,_000115,_000114,Queue3,DiscreteStock,StateChange,"{""Empty"":{""occupied"":0,""empty"":10}}",
1970-01-01 00:03:10.060682347 UTC,_000120,_000125,Queue1,DiscreteStock,Add,"""Item_0040""",
1970-01-01 00:03:10.060682348 UTC,_000121,_000120,Queue1,DiscreteStock,StateChange,"{""Full"":{""occupied"":10,""empty"":0}}",
1970-01-01 00:03:14.725877877 UTC,_000118,_000093,Queue2,DiscreteStock,Add,"""Item_0030""",
1970-01-01 00:03:14.725877877 UTC,_000122,_000094,Queue1,DiscreteStock,Remove,"""Item_0031""",
1970-01-01 00:03:14.725877878 UTC,_000123,_000122,Queue1,DiscreteStock,StateChange,"{""Normal"":{""occupied"":9,""empty"":1}}",
1970-01-01 00:03:14.725877878 UTC,_000119,_000118,Queue2,DiscreteStock,StateChange,"{""Normal"":{""occupied"":1,""empty"":9}}",
1970-01-01 00:03:16.526601510 UTC,_000120,_000096,Queue2,DiscreteStock,Add,"""Item_0031""",
1970-01-01 00:03:16.526601510 UTC,_000124,_000097,Queue1,DiscreteStock,Remove,"""Item_0032""",
1970-01-01 00:03:17.725877878 UTC,_000125,_000129,Queue1,DiscreteStock,Add,"""Item_0041""",
1970-01-01 00:03:18.067674428 UTC,_000116,_000114,Queue3,DiscreteStock,Add,"""Item_0029""",
1970-01-01 00:03:18.067674428 UTC,_000121,_000115,Queue2,DiscreteStock,Remove,"""Item_0030""",
1970-01-01 00:03:18.067674429 UTC,_000117,_000116,Queue3,DiscreteStock,StateChange,"{""Normal"":{""occupied"":1,""empty"":9}}",
1970-01-01 00:03:18.067674429 UTC,_000118,_000117,Queue3,DiscreteStock,Remove,"""Item_0029""",
1970-01-01 00:03:18.067674430 UTC,_000119,_000118,Queue3,DiscreteStock,StateChange,"{""Empty"":{""occupied"":0,""empty"":10}}",
